server/areaIntelligence.ts(70,5): error TS1005: ',' expected.
server/areaIntelligence.ts(70,12): error TS1005: ',' expected.
server/areaIntelligence.ts(70,17): error TS1005: ',' expected.
server/areaIntelligence.ts(71,5): error TS1005: ',' expected.
server/areaIntelligence.ts(71,12): error TS1005: ',' expected.
server/areaIntelligence.ts(71,59): error TS1005: ',' expected.
server/areaIntelligence.ts(71,60): error TS1135: Argument expression expected.
server/areaIntelligence.ts(73,17): error TS1005: ',' expected.
server/areaIntelligence.ts(73,22): error TS1005: ',' expected.
server/areaIntelligence.ts(73,29): error TS1005: ',' expected.
server/areaIntelligence.ts(73,32): error TS1005: ',' expected.
server/areaIntelligence.ts(73,37): error TS1005: ',' expected.
server/areaIntelligence.ts(73,42): error TS1005: ',' expected.
server/areaIntelligence.ts(73,47): error TS1005: ',' expected.
server/areaIntelligence.ts(73,52): error TS1005: ',' expected.
server/areaIntelligence.ts(73,78): error TS1005: ',' expected.
server/areaIntelligence.ts(74,5): error TS1005: ',' expected.
server/areaIntelligence.ts(74,10): error TS1005: ',' expected.
server/areaIntelligence.ts(74,28): error TS1005: ',' expected.
server/areaIntelligence.ts(75,5): error TS1005: ',' expected.
server/areaIntelligence.ts(75,10): error TS1005: ',' expected.
server/areaIntelligence.ts(75,15): error TS1005: ',' expected.
server/areaIntelligence.ts(75,22): error TS1005: ',' expected.
server/areaIntelligence.ts(75,24): error TS1005: ',' expected.
server/areaIntelligence.ts(75,27): error TS1005: ',' expected.
server/areaIntelligence.ts(76,5): error TS1005: ',' expected.
server/areaIntelligence.ts(76,11): error TS1005: ',' expected.
server/areaIntelligence.ts(77,5): error TS1005: ',' expected.
server/areaIntelligence.ts(77,8): error TS1005: ',' expected.
server/areaIntelligence.ts(77,68): error TS1005: ',' expected.
server/areaIntelligence.ts(77,71): error TS1005: ',' expected.
server/areaIntelligence.ts(77,78): error TS1005: ',' expected.
server/areaIntelligence.ts(78,7): error TS1005: ',' expected.
server/areaIntelligence.ts(80,5): error TS1005: ',' expected.
server/areaIntelligence.ts(80,15): error TS1005: ',' expected.
server/areaIntelligence.ts(88,5): error TS1005: ',' expected.
server/areaIntelligence.ts(88,12): error TS1005: ',' expected.
server/areaIntelligence.ts(88,17): error TS1005: ',' expected.
server/areaIntelligence.ts(89,5): error TS1005: ',' expected.
server/areaIntelligence.ts(89,12): error TS1005: ',' expected.
server/areaIntelligence.ts(90,5): error TS1005: ',' expected.
server/areaIntelligence.ts(90,10): error TS1005: ',' expected.
server/areaIntelligence.ts(90,23): error TS1005: ',' expected.
server/areaIntelligence.ts(91,5): error TS1005: ',' expected.
server/areaIntelligence.ts(91,10): error TS1005: ',' expected.
server/areaIntelligence.ts(91,18): error TS1005: ',' expected.
server/areaIntelligence.ts(91,20): error TS1005: ',' expected.
server/areaIntelligence.ts(91,23): error TS1005: ',' expected.
server/areaIntelligence.ts(92,5): error TS1005: ',' expected.
server/areaIntelligence.ts(92,10): error TS1005: ',' expected.
server/areaIntelligence.ts(92,26): error TS1005: ',' expected.
server/areaIntelligence.ts(92,28): error TS1005: ',' expected.
server/areaIntelligence.ts(92,31): error TS1005: ',' expected.
server/areaIntelligence.ts(93,5): error TS1005: ',' expected.
server/areaIntelligence.ts(93,8): error TS1005: ',' expected.
server/areaIntelligence.ts(93,33): error TS1005: ',' expected.
server/areaIntelligence.ts(93,36): error TS1005: ',' expected.
server/areaIntelligence.ts(93,43): error TS1005: ',' expected.
server/areaIntelligence.ts(94,7): error TS1005: ',' expected.
server/areaIntelligence.ts(96,5): error TS1005: ',' expected.
server/areaIntelligence.ts(96,15): error TS1005: ',' expected.
server/areaIntelligence.ts(101,5): error TS1005: ',' expected.
server/areaIntelligence.ts(101,12): error TS1005: ',' expected.
server/areaIntelligence.ts(101,17): error TS1005: ',' expected.
server/areaIntelligence.ts(102,5): error TS1005: ',' expected.
server/areaIntelligence.ts(102,12): error TS1005: ',' expected.
server/areaIntelligence.ts(102,21): error TS1005: ',' expected.
server/areaIntelligence.ts(102,30): error TS1005: ',' expected.
server/areaIntelligence.ts(103,5): error TS1005: ',' expected.
server/areaIntelligence.ts(103,10): error TS1005: ',' expected.
server/areaIntelligence.ts(103,23): error TS1005: ',' expected.
server/areaIntelligence.ts(104,5): error TS1005: ',' expected.
server/areaIntelligence.ts(104,10): error TS1005: ',' expected.
server/areaIntelligence.ts(104,18): error TS1005: ',' expected.
server/areaIntelligence.ts(104,20): error TS1005: ',' expected.
server/areaIntelligence.ts(104,23): error TS1005: ',' expected.
server/areaIntelligence.ts(104,40): error TS1005: ',' expected.
server/areaIntelligence.ts(104,44): error TS1005: ',' expected.
server/areaIntelligence.ts(104,51): error TS1005: ',' expected.
server/areaIntelligence.ts(104,54): error TS1005: ',' expected.
server/areaIntelligence.ts(104,58): error TS1005: ',' expected.
server/areaIntelligence.ts(105,5): error TS1005: ',' expected.
server/areaIntelligence.ts(105,10): error TS1005: ',' expected.
server/areaIntelligence.ts(105,26): error TS1005: ',' expected.
server/areaIntelligence.ts(105,28): error TS1005: ',' expected.
server/areaIntelligence.ts(105,31): error TS1005: ',' expected.
server/areaIntelligence.ts(105,38): error TS1005: ',' expected.
server/areaIntelligence.ts(105,41): error TS1005: ',' expected.
server/areaIntelligence.ts(105,45): error TS1005: ',' expected.
server/areaIntelligence.ts(105,50): error TS1005: ',' expected.
server/areaIntelligence.ts(105,54): error TS1005: ',' expected.
server/areaIntelligence.ts(106,5): error TS1005: ',' expected.
server/areaIntelligence.ts(106,10): error TS1005: ',' expected.
server/areaIntelligence.ts(106,15): error TS1005: ',' expected.
server/areaIntelligence.ts(106,36): error TS1005: ',' expected.
server/areaIntelligence.ts(106,38): error TS1005: ',' expected.
server/areaIntelligence.ts(106,41): error TS1005: ',' expected.
server/areaIntelligence.ts(107,5): error TS1005: ',' expected.
server/areaIntelligence.ts(107,11): error TS1005: ',' expected.
server/areaIntelligence.ts(107,28): error TS1005: ',' expected.
server/areaIntelligence.ts(107,31): error TS1005: ',' expected.
server/areaIntelligence.ts(108,5): error TS1005: ',' expected.
server/areaIntelligence.ts(108,11): error TS1005: ',' expected.
server/areaIntelligence.ts(108,14): error TS1005: ',' expected.
server/areaIntelligence.ts(109,5): error TS1005: ',' expected.
server/areaIntelligence.ts(109,8): error TS1005: ',' expected.
server/areaIntelligence.ts(109,33): error TS1005: ',' expected.
server/areaIntelligence.ts(109,36): error TS1005: ',' expected.
server/areaIntelligence.ts(110,5): error TS1005: ',' expected.
server/areaIntelligence.ts(110,15): error TS1005: ',' expected.
server/areaIntelligence.ts(115,5): error TS1005: ',' expected.
server/areaIntelligence.ts(115,10): error TS1005: ',' expected.
server/areaIntelligence.ts(115,25): error TS1005: ',' expected.
server/areaIntelligence.ts(116,14): error TS1005: ',' expected.
server/areaIntelligence.ts(116,44): error TS1005: ',' expected.
server/areaIntelligence.ts(117,19): error TS1005: ',' expected.
server/areaIntelligence.ts(117,24): error TS1005: ',' expected.
server/areaIntelligence.ts(117,31): error TS1005: ',' expected.
server/areaIntelligence.ts(117,34): error TS1005: ',' expected.
server/areaIntelligence.ts(117,38): error TS1005: ',' expected.
server/areaIntelligence.ts(117,43): error TS1005: ',' expected.
server/areaIntelligence.ts(117,48): error TS1005: ',' expected.
server/areaIntelligence.ts(117,65): error TS1005: ',' expected.
server/areaIntelligence.ts(117,70): error TS1005: ',' expected.
server/areaIntelligence.ts(117,92): error TS1005: ',' expected.
server/areaIntelligence.ts(117,96): error TS1005: ',' expected.
server/areaIntelligence.ts(118,7): error TS1005: ',' expected.
server/areaIntelligence.ts(118,12): error TS1005: ',' expected.
server/areaIntelligence.ts(118,21): error TS1005: ',' expected.
server/areaIntelligence.ts(119,7): error TS1005: ',' expected.
server/areaIntelligence.ts(119,12): error TS1005: ',' expected.
server/areaIntelligence.ts(119,17): error TS1005: ',' expected.
server/areaIntelligence.ts(119,27): error TS1005: ',' expected.
server/areaIntelligence.ts(119,29): error TS1005: ',' expected.
server/areaIntelligence.ts(119,32): error TS1005: ',' expected.
server/areaIntelligence.ts(120,7): error TS1005: ',' expected.
server/areaIntelligence.ts(120,12): error TS1005: ',' expected.
server/areaIntelligence.ts(120,17): error TS1005: ',' expected.
server/areaIntelligence.ts(120,28): error TS1005: ',' expected.
server/areaIntelligence.ts(120,31): error TS1005: ',' expected.
server/areaIntelligence.ts(120,34): error TS1005: ',' expected.
server/areaIntelligence.ts(121,7): error TS1005: ',' expected.
server/areaIntelligence.ts(121,12): error TS1005: ',' expected.
server/areaIntelligence.ts(121,17): error TS1005: ',' expected.
server/areaIntelligence.ts(121,27): error TS1005: ',' expected.
server/areaIntelligence.ts(121,30): error TS1005: ',' expected.
server/areaIntelligence.ts(121,33): error TS1005: ',' expected.
server/areaIntelligence.ts(122,7): error TS1005: ',' expected.
server/areaIntelligence.ts(122,13): error TS1005: ',' expected.
server/areaIntelligence.ts(122,38): error TS1005: ',' expected.
server/areaIntelligence.ts(122,41): error TS1005: ',' expected.
server/areaIntelligence.ts(122,45): error TS1005: ',' expected.
server/areaIntelligence.ts(124,5): error TS1005: ',' expected.
server/areaIntelligence.ts(124,12): error TS1005: ',' expected.
server/areaIntelligence.ts(124,17): error TS1005: ',' expected.
server/areaIntelligence.ts(125,5): error TS1005: ',' expected.
server/areaIntelligence.ts(125,12): error TS1005: ',' expected.
server/areaIntelligence.ts(125,21): error TS1005: ',' expected.
server/areaIntelligence.ts(125,31): error TS1005: ',' expected.
server/areaIntelligence.ts(126,12): error TS1005: ',' expected.
server/areaIntelligence.ts(126,17): error TS1005: ',' expected.
server/areaIntelligence.ts(126,44): error TS1005: ',' expected.
server/areaIntelligence.ts(126,49): error TS1005: ',' expected.
server/areaIntelligence.ts(126,53): error TS1005: ',' expected.
server/areaIntelligence.ts(126,58): error TS1005: ',' expected.
server/areaIntelligence.ts(126,62): error TS1005: ',' expected.
server/areaIntelligence.ts(127,5): error TS1005: ',' expected.
server/areaIntelligence.ts(127,10): error TS1005: ',' expected.
server/areaIntelligence.ts(127,25): error TS1005: ',' expected.
server/areaIntelligence.ts(128,5): error TS1005: ',' expected.
server/areaIntelligence.ts(128,10): error TS1005: ',' expected.
server/areaIntelligence.ts(128,26): error TS1005: ',' expected.
server/areaIntelligence.ts(128,28): error TS1005: ',' expected.
server/areaIntelligence.ts(128,31): error TS1005: ',' expected.
server/areaIntelligence.ts(128,38): error TS1005: ',' expected.
server/areaIntelligence.ts(128,41): error TS1005: ',' expected.
server/areaIntelligence.ts(128,45): error TS1005: ',' expected.
server/areaIntelligence.ts(128,50): error TS1005: ',' expected.
server/areaIntelligence.ts(128,54): error TS1005: ',' expected.
server/areaIntelligence.ts(129,5): error TS1005: ',' expected.
server/areaIntelligence.ts(129,11): error TS1005: ',' expected.
server/areaIntelligence.ts(129,14): error TS1005: ',' expected.
server/areaIntelligence.ts(130,5): error TS1005: ',' expected.
server/areaIntelligence.ts(130,8): error TS1005: ',' expected.
server/areaIntelligence.ts(130,29): error TS1005: ',' expected.
server/areaIntelligence.ts(130,32): error TS1005: ',' expected.
server/areaIntelligence.ts(130,39): error TS1005: ',' expected.
server/areaIntelligence.ts(131,7): error TS1005: ',' expected.
server/areaIntelligence.ts(133,5): error TS1005: ',' expected.
server/areaIntelligence.ts(133,15): error TS1005: ',' expected.
server/areaIntelligence.ts(138,5): error TS1005: ',' expected.
server/areaIntelligence.ts(138,12): error TS1005: ',' expected.
server/areaIntelligence.ts(138,17): error TS1005: ',' expected.
server/areaIntelligence.ts(139,5): error TS1005: ',' expected.
server/areaIntelligence.ts(139,12): error TS1005: ',' expected.
server/areaIntelligence.ts(140,12): error TS1005: ',' expected.
server/areaIntelligence.ts(140,17): error TS1005: ',' expected.
server/areaIntelligence.ts(140,31): error TS1005: ',' expected.
server/areaIntelligence.ts(140,32): error TS1135: Argument expression expected.
server/areaIntelligence.ts(141,9): error TS1005: ',' expected.
server/areaIntelligence.ts(141,14): error TS1005: ',' expected.
server/areaIntelligence.ts(141,52): error TS1005: ',' expected.
server/areaIntelligence.ts(141,53): error TS1135: Argument expression expected.
server/areaIntelligence.ts(141,79): error TS1005: ',' expected.
server/areaIntelligence.ts(141,80): error TS1135: Argument expression expected.
server/areaIntelligence.ts(141,92): error TS1005: ',' expected.
server/areaIntelligence.ts(143,5): error TS1005: ',' expected.
server/areaIntelligence.ts(143,10): error TS1005: ',' expected.
server/areaIntelligence.ts(143,27): error TS1005: ',' expected.
server/areaIntelligence.ts(144,5): error TS1005: ',' expected.
server/areaIntelligence.ts(144,10): error TS1005: ',' expected.
server/areaIntelligence.ts(144,26): error TS1005: ',' expected.
server/areaIntelligence.ts(144,28): error TS1005: ',' expected.
server/areaIntelligence.ts(144,31): error TS1005: ',' expected.
server/areaIntelligence.ts(144,38): error TS1005: ',' expected.
server/areaIntelligence.ts(144,41): error TS1005: ',' expected.
server/areaIntelligence.ts(144,45): error TS1005: ',' expected.
server/areaIntelligence.ts(144,50): error TS1005: ',' expected.
server/areaIntelligence.ts(144,54): error TS1005: ',' expected.
server/areaIntelligence.ts(144,61): error TS1005: ',' expected.
server/areaIntelligence.ts(144,64): error TS1005: ',' expected.
server/areaIntelligence.ts(144,68): error TS1005: ',' expected.
server/areaIntelligence.ts(144,73): error TS1005: ',' expected.
server/areaIntelligence.ts(144,77): error TS1005: ',' expected.
server/areaIntelligence.ts(145,5): error TS1005: ',' expected.
server/areaIntelligence.ts(145,8): error TS1005: ',' expected.
server/areaIntelligence.ts(145,37): error TS1005: ',' expected.
server/areaIntelligence.ts(145,40): error TS1005: ',' expected.
server/areaIntelligence.ts(145,47): error TS1005: ',' expected.
server/areaIntelligence.ts(145,51): error TS1005: ',' expected.
server/areaIntelligence.ts(146,5): error TS1005: ',' expected.
server/areaIntelligence.ts(146,15): error TS1005: ',' expected.
server/areaIntelligence.ts(151,5): error TS1005: ',' expected.
server/areaIntelligence.ts(151,12): error TS1005: ',' expected.
server/areaIntelligence.ts(151,17): error TS1005: ',' expected.
server/areaIntelligence.ts(152,5): error TS1005: ',' expected.
server/areaIntelligence.ts(152,12): error TS1005: ',' expected.
server/areaIntelligence.ts(152,40): error TS1005: ',' expected.
server/areaIntelligence.ts(152,41): error TS1135: Argument expression expected.
server/areaIntelligence.ts(152,58): error TS1005: ',' expected.
server/areaIntelligence.ts(152,59): error TS1135: Argument expression expected.
server/areaIntelligence.ts(153,5): error TS1005: ',' expected.
server/areaIntelligence.ts(153,10): error TS1005: ',' expected.
server/areaIntelligence.ts(153,34): error TS1005: ',' expected.
server/areaIntelligence.ts(154,5): error TS1005: ',' expected.
server/areaIntelligence.ts(154,10): error TS1005: ',' expected.
server/areaIntelligence.ts(154,26): error TS1005: ',' expected.
server/areaIntelligence.ts(154,28): error TS1005: ',' expected.
server/areaIntelligence.ts(154,31): error TS1005: ',' expected.
server/areaIntelligence.ts(154,38): error TS1005: ',' expected.
server/areaIntelligence.ts(154,41): error TS1005: ',' expected.
server/areaIntelligence.ts(154,45): error TS1005: ',' expected.
server/areaIntelligence.ts(154,50): error TS1005: ',' expected.
server/areaIntelligence.ts(154,54): error TS1005: ',' expected.
server/areaIntelligence.ts(154,61): error TS1005: ',' expected.
server/areaIntelligence.ts(154,64): error TS1005: ',' expected.
server/areaIntelligence.ts(154,68): error TS1005: ',' expected.
server/areaIntelligence.ts(155,7): error TS1005: ',' expected.
server/areaIntelligence.ts(155,11): error TS1005: ',' expected.
server/areaIntelligence.ts(155,28): error TS1005: ',' expected.
server/areaIntelligence.ts(155,29): error TS1135: Argument expression expected.
server/areaIntelligence.ts(155,46): error TS1005: ',' expected.
server/areaIntelligence.ts(155,47): error TS1135: Argument expression expected.
server/areaIntelligence.ts(156,5): error TS1005: ',' expected.
server/areaIntelligence.ts(156,8): error TS1005: ',' expected.
server/areaIntelligence.ts(156,37): error TS1005: ',' expected.
server/areaIntelligence.ts(156,40): error TS1005: ',' expected.
server/areaIntelligence.ts(156,47): error TS1005: ',' expected.
server/areaIntelligence.ts(156,51): error TS1005: ',' expected.
server/areaIntelligence.ts(157,5): error TS1005: ',' expected.
server/areaIntelligence.ts(157,15): error TS1005: ',' expected.
server/areaIntelligence.ts(165,5): error TS1005: ',' expected.
server/areaIntelligence.ts(165,12): error TS1005: ',' expected.
server/areaIntelligence.ts(165,17): error TS1005: ',' expected.
server/areaIntelligence.ts(166,5): error TS1005: ',' expected.
server/areaIntelligence.ts(166,6): error TS1005: ',' expected.
server/areaIntelligence.ts(167,5): error TS1005: ',' expected.
server/areaIntelligence.ts(167,8): error TS1005: ',' expected.
server/areaIntelligence.ts(167,48): error TS1005: ',' expected.
server/areaIntelligence.ts(167,51): error TS1005: ',' expected.
server/areaIntelligence.ts(167,58): error TS1005: ',' expected.
server/areaIntelligence.ts(168,7): error TS1005: ',' expected.
server/areaIntelligence.ts(170,5): error TS1005: ',' expected.
server/areaIntelligence.ts(170,15): error TS1005: ',' expected.
server/areaIntelligence.ts(179,5): error TS1005: ',' expected.
server/areaIntelligence.ts(179,12): error TS1005: ',' expected.
server/areaIntelligence.ts(179,31): error TS1005: ',' expected.
server/areaIntelligence.ts(179,32): error TS1135: Argument expression expected.
server/areaIntelligence.ts(179,68): error TS1109: Expression expected.
server/areaIntelligence.ts(179,69): error TS1109: Expression expected.
server/areaIntelligence.ts(179,70): error TS1005: ',' expected.
server/areaIntelligence.ts(179,71): error TS1135: Argument expression expected.
server/areaIntelligence.ts(179,86): error TS1109: Expression expected.
server/areaIntelligence.ts(179,87): error TS1109: Expression expected.
server/areaIntelligence.ts(179,88): error TS1005: ',' expected.
server/areaIntelligence.ts(179,89): error TS1135: Argument expression expected.
server/areaIntelligence.ts(180,21): error TS1109: Expression expected.
server/areaIntelligence.ts(180,22): error TS1109: Expression expected.
server/areaIntelligence.ts(180,23): error TS1005: ',' expected.
server/areaIntelligence.ts(180,24): error TS1135: Argument expression expected.
server/areaIntelligence.ts(181,5): error TS1005: ',' expected.
server/areaIntelligence.ts(181,10): error TS1005: ',' expected.
server/areaIntelligence.ts(181,31): error TS1005: ',' expected.
server/areaIntelligence.ts(181,33): error TS1005: ',' expected.
server/areaIntelligence.ts(181,38): error TS1005: ',' expected.
server/areaIntelligence.ts(181,51): error TS1005: ',' expected.
server/areaIntelligence.ts(181,53): error TS1005: ',' expected.
server/areaIntelligence.ts(181,56): error TS1005: ',' expected.
server/areaIntelligence.ts(182,5): error TS1005: ',' expected.
server/areaIntelligence.ts(182,11): error TS1005: ',' expected.
server/areaIntelligence.ts(182,46): error TS1005: ',' expected.
server/areaIntelligence.ts(183,5): error TS1005: ',' expected.
server/areaIntelligence.ts(183,11): error TS1005: ',' expected.
server/areaIntelligence.ts(183,14): error TS1005: ',' expected.
server/areaIntelligence.ts(187,5): error TS1005: ',' expected.
server/areaIntelligence.ts(187,12): error TS1005: ',' expected.
server/areaIntelligence.ts(187,31): error TS1005: ',' expected.
server/areaIntelligence.ts(187,32): error TS1135: Argument expression expected.
server/areaIntelligence.ts(188,27): error TS1005: ',' expected.
server/areaIntelligence.ts(188,34): error TS1005: ',' expected.
server/areaIntelligence.ts(188,46): error TS1005: ',' expected.
server/areaIntelligence.ts(188,49): error TS1005: ',' expected.
server/areaIntelligence.ts(188,65): error TS1109: Expression expected.
server/areaIntelligence.ts(188,66): error TS1109: Expression expected.
server/areaIntelligence.ts(188,67): error TS1005: ',' expected.
server/areaIntelligence.ts(188,68): error TS1135: Argument expression expected.
server/areaIntelligence.ts(189,21): error TS1109: Expression expected.
server/areaIntelligence.ts(189,22): error TS1109: Expression expected.
server/areaIntelligence.ts(189,23): error TS1005: ',' expected.
server/areaIntelligence.ts(189,24): error TS1135: Argument expression expected.
server/areaIntelligence.ts(190,5): error TS1005: ',' expected.
server/areaIntelligence.ts(190,10): error TS1005: ',' expected.
server/areaIntelligence.ts(190,31): error TS1005: ',' expected.
server/areaIntelligence.ts(190,33): error TS1005: ',' expected.
server/areaIntelligence.ts(190,38): error TS1005: ',' expected.
server/areaIntelligence.ts(190,51): error TS1005: ',' expected.
server/areaIntelligence.ts(190,53): error TS1005: ',' expected.
server/areaIntelligence.ts(190,56): error TS1005: ',' expected.
server/areaIntelligence.ts(191,5): error TS1005: ',' expected.
server/areaIntelligence.ts(191,11): error TS1005: ',' expected.
server/areaIntelligence.ts(191,46): error TS1005: ',' expected.
server/areaIntelligence.ts(191,58): error TS1005: ',' expected.
server/areaIntelligence.ts(191,62): error TS1005: ',' expected.
server/areaIntelligence.ts(192,5): error TS1005: ',' expected.
server/areaIntelligence.ts(192,11): error TS1005: ',' expected.
server/areaIntelligence.ts(192,14): error TS1005: ',' expected.
server/areaIntelligence.ts(196,5): error TS1005: ',' expected.
server/areaIntelligence.ts(196,10): error TS1005: ',' expected.
server/areaIntelligence.ts(196,12): error TS1005: ',' expected.
server/areaIntelligence.ts(197,14): error TS1005: ',' expected.
server/areaIntelligence.ts(198,28): error TS1005: ',' expected.
server/areaIntelligence.ts(198,35): error TS1005: ',' expected.
server/areaIntelligence.ts(198,47): error TS1005: ',' expected.
server/areaIntelligence.ts(198,50): error TS1005: ',' expected.
server/areaIntelligence.ts(198,60): error TS1005: ',' expected.
server/areaIntelligence.ts(198,73): error TS1005: ',' expected.
server/areaIntelligence.ts(198,108): error TS1005: ',' expected.
server/areaIntelligence.ts(198,121): error TS1005: ',' expected.
server/areaIntelligence.ts(199,28): error TS1005: ',' expected.
server/areaIntelligence.ts(199,35): error TS1005: ',' expected.
server/areaIntelligence.ts(199,47): error TS1005: ',' expected.
server/areaIntelligence.ts(199,50): error TS1005: ',' expected.
server/areaIntelligence.ts(199,60): error TS1005: ',' expected.
server/areaIntelligence.ts(199,73): error TS1005: ',' expected.
server/areaIntelligence.ts(199,108): error TS1005: ',' expected.
server/areaIntelligence.ts(199,120): error TS1005: ',' expected.
server/areaIntelligence.ts(199,124): error TS1005: ',' expected.
server/areaIntelligence.ts(199,158): error TS1005: ',' expected.
server/areaIntelligence.ts(199,171): error TS1005: ',' expected.
server/areaIntelligence.ts(200,14): error TS1109: Expression expected.
server/areaIntelligence.ts(200,15): error TS1109: Expression expected.
server/areaIntelligence.ts(200,17): error TS1005: ',' expected.
server/areaIntelligence.ts(200,30): error TS1005: ',' expected.
server/areaIntelligence.ts(200,65): error TS1005: ',' expected.
server/areaIntelligence.ts(200,77): error TS1005: ',' expected.
server/areaIntelligence.ts(200,78): error TS1135: Argument expression expected.
server/areaIntelligence.ts(200,83): error TS1005: ',' expected.
server/areaIntelligence.ts(201,7): error TS1005: ',' expected.
server/areaIntelligence.ts(201,12): error TS1005: ',' expected.
server/areaIntelligence.ts(201,33): error TS1005: ',' expected.
server/areaIntelligence.ts(201,35): error TS1005: ',' expected.
server/areaIntelligence.ts(201,40): error TS1005: ',' expected.
server/areaIntelligence.ts(201,53): error TS1005: ',' expected.
server/areaIntelligence.ts(201,55): error TS1005: ',' expected.
server/areaIntelligence.ts(201,58): error TS1005: ',' expected.
server/areaIntelligence.ts(202,7): error TS1005: ',' expected.
server/areaIntelligence.ts(202,13): error TS1005: ',' expected.
server/areaIntelligence.ts(202,24): error TS1005: ',' expected.
server/areaIntelligence.ts(202,28): error TS1005: ',' expected.
server/areaIntelligence.ts(202,63): error TS1005: ',' expected.
server/areaIntelligence.ts(203,7): error TS1005: ',' expected.
server/areaIntelligence.ts(203,13): error TS1005: ',' expected.
server/areaIntelligence.ts(203,16): error TS1005: ',' expected.
server/areaIntelligence.ts(205,5): error TS1005: ',' expected.
server/areaIntelligence.ts(205,12): error TS1005: ',' expected.
server/areaIntelligence.ts(205,29): error TS1005: ',' expected.
server/areaIntelligence.ts(205,30): error TS1135: Argument expression expected.
server/areaIntelligence.ts(206,12): error TS1005: ',' expected.
server/areaIntelligence.ts(206,17): error TS1005: ',' expected.
server/areaIntelligence.ts(206,22): error TS1005: ',' expected.
server/areaIntelligence.ts(206,27): error TS1005: ',' expected.
server/areaIntelligence.ts(206,41): error TS1005: ',' expected.
server/areaIntelligence.ts(206,56): error TS1005: ',' expected.
server/areaIntelligence.ts(206,57): error TS1135: Argument expression expected.
server/areaIntelligence.ts(208,5): error TS1005: ',' expected.
server/areaIntelligence.ts(208,10): error TS1005: ',' expected.
server/areaIntelligence.ts(208,12): error TS1005: ',' expected.
server/areaIntelligence.ts(208,18): error TS1005: ',' expected.
server/areaIntelligence.ts(208,21): error TS1005: ',' expected.
server/areaIntelligence.ts(208,24): error TS1005: ',' expected.
server/areaIntelligence.ts(208,28): error TS1005: ',' expected.
server/areaIntelligence.ts(208,33): error TS1005: ',' expected.
server/areaIntelligence.ts(208,37): error TS1005: ',' expected.
server/areaIntelligence.ts(208,40): error TS1005: ',' expected.
server/areaIntelligence.ts(208,43): error TS1005: ',' expected.
server/areaIntelligence.ts(208,47): error TS1005: ',' expected.
server/areaIntelligence.ts(212,5): error TS1005: ',' expected.
server/areaIntelligence.ts(212,10): error TS1005: ',' expected.
server/areaIntelligence.ts(212,12): error TS1005: ',' expected.
server/areaIntelligence.ts(213,14): error TS1005: ',' expected.
server/areaIntelligence.ts(214,80): error TS1005: ',' expected.
server/areaIntelligence.ts(215,81): error TS1005: ',' expected.
server/areaIntelligence.ts(216,15): error TS1109: Expression expected.
server/areaIntelligence.ts(216,16): error TS1109: Expression expected.
server/areaIntelligence.ts(216,17): error TS1005: ',' expected.
server/areaIntelligence.ts(216,18): error TS1135: Argument expression expected.
server/areaIntelligence.ts(216,23): error TS1005: ',' expected.
server/areaIntelligence.ts(217,7): error TS1005: ',' expected.
server/areaIntelligence.ts(217,12): error TS1005: ',' expected.
server/areaIntelligence.ts(217,29): error TS1005: ',' expected.
server/areaIntelligence.ts(217,31): error TS1005: ',' expected.
server/areaIntelligence.ts(217,36): error TS1005: ',' expected.
server/areaIntelligence.ts(217,53): error TS1005: ',' expected.
server/areaIntelligence.ts(217,55): error TS1005: ',' expected.
server/areaIntelligence.ts(217,58): error TS1005: ',' expected.
server/areaIntelligence.ts(217,76): error TS1005: ',' expected.
server/areaIntelligence.ts(217,82): error TS1005: ',' expected.
server/areaIntelligence.ts(217,85): error TS1005: ',' expected.
server/areaIntelligence.ts(219,5): error TS1005: ',' expected.
server/areaIntelligence.ts(219,12): error TS1005: ',' expected.
server/areaIntelligence.ts(219,29): error TS1005: ',' expected.
server/areaIntelligence.ts(219,30): error TS1135: Argument expression expected.
server/areaIntelligence.ts(220,12): error TS1005: ',' expected.
server/areaIntelligence.ts(220,17): error TS1005: ',' expected.
server/areaIntelligence.ts(220,28): error TS1005: ',' expected.
server/areaIntelligence.ts(220,33): error TS1005: ',' expected.
server/areaIntelligence.ts(220,50): error TS1005: ',' expected.
server/areaIntelligence.ts(221,12): error TS1005: ',' expected.
server/areaIntelligence.ts(221,17): error TS1005: ',' expected.
server/areaIntelligence.ts(221,22): error TS1005: ',' expected.
server/areaIntelligence.ts(221,27): error TS1005: ',' expected.
server/areaIntelligence.ts(221,30): error TS1005: ',' expected.
server/areaIntelligence.ts(221,35): error TS1005: ',' expected.
server/areaIntelligence.ts(221,40): error TS1005: ',' expected.
server/areaIntelligence.ts(221,45): error TS1005: ',' expected.
server/areaIntelligence.ts(221,48): error TS1005: ',' expected.
server/areaIntelligence.ts(221,53): error TS1005: ',' expected.
server/areaIntelligence.ts(221,56): error TS1005: ',' expected.
server/areaIntelligence.ts(223,5): error TS1005: ',' expected.
server/areaIntelligence.ts(223,10): error TS1005: ',' expected.
server/areaIntelligence.ts(223,12): error TS1005: ',' expected.
server/areaIntelligence.ts(223,18): error TS1005: ',' expected.
server/areaIntelligence.ts(227,5): error TS1005: ',' expected.
server/areaIntelligence.ts(227,10): error TS1005: ',' expected.
server/areaIntelligence.ts(227,12): error TS1005: ',' expected.
server/areaIntelligence.ts(228,14): error TS1005: ',' expected.
server/areaIntelligence.ts(228,19): error TS1005: ',' expected.
server/areaIntelligence.ts(229,26): error TS1005: ',' expected.
server/areaIntelligence.ts(229,39): error TS1005: ',' expected.
server/areaIntelligence.ts(229,59): error TS1005: ',' expected.
server/areaIntelligence.ts(230,26): error TS1005: ',' expected.
server/areaIntelligence.ts(230,39): error TS1005: ',' expected.
server/areaIntelligence.ts(230,59): error TS1005: ',' expected.
server/areaIntelligence.ts(231,7): error TS1005: ',' expected.
server/areaIntelligence.ts(231,12): error TS1005: ',' expected.
server/areaIntelligence.ts(231,28): error TS1005: ',' expected.
server/areaIntelligence.ts(232,7): error TS1005: ',' expected.
server/areaIntelligence.ts(232,12): error TS1005: ',' expected.
server/areaIntelligence.ts(232,34): error TS1005: ',' expected.
server/areaIntelligence.ts(232,36): error TS1005: ',' expected.
server/areaIntelligence.ts(232,39): error TS1005: ',' expected.
server/areaIntelligence.ts(233,7): error TS1005: ',' expected.
server/areaIntelligence.ts(233,13): error TS1005: ',' expected.
server/areaIntelligence.ts(233,16): error TS1005: ',' expected.
server/areaIntelligence.ts(235,5): error TS1005: ',' expected.
server/areaIntelligence.ts(235,12): error TS1005: ',' expected.
server/areaIntelligence.ts(235,29): error TS1005: ',' expected.
server/areaIntelligence.ts(235,30): error TS1135: Argument expression expected.
server/areaIntelligence.ts(236,12): error TS1005: ',' expected.
server/areaIntelligence.ts(236,17): error TS1005: ',' expected.
server/areaIntelligence.ts(236,23): error TS1005: ',' expected.
server/areaIntelligence.ts(236,28): error TS1005: ',' expected.
server/areaIntelligence.ts(236,36): error TS1005: ')' expected.
server/areaIntelligence.ts(236,37): error TS1135: Argument expression expected.
server/areaIntelligence.ts(236,53): error TS1005: ',' expected.
server/areaIntelligence.ts(236,57): error TS1134: Variable declaration expected.
server/areaIntelligence.ts(238,5): error TS1435: Unknown keyword or identifier. Did you mean 'from'?
server/areaIntelligence.ts(238,10): error TS1434: Unexpected keyword or identifier.
server/areaIntelligence.ts(238,12): error TS1434: Unexpected keyword or identifier.
server/areaIntelligence.ts(238,24): error TS1005: ';' expected.
server/areaIntelligence.ts(238,28): error TS1434: Unexpected keyword or identifier.
server/areaIntelligence.ts(238,32): error TS1434: Unexpected keyword or identifier.
server/areaIntelligence.ts(238,35): error TS1434: Unexpected keyword or identifier.
server/areaIntelligence.ts(242,5): error TS1434: Unexpected keyword or identifier.
server/areaIntelligence.ts(242,29): error TS1005: ';' expected.
server/areaIntelligence.ts(242,30): error TS1128: Declaration or statement expected.
server/areaIntelligence.ts(243,16): error TS1005: ',' expected.
server/areaIntelligence.ts(243,21): error TS1005: ',' expected.
server/areaIntelligence.ts(243,37): error TS1005: ',' expected.
server/areaIntelligence.ts(243,42): error TS1005: ',' expected.
server/areaIntelligence.ts(243,46): error TS1005: ',' expected.
server/areaIntelligence.ts(243,51): error TS1005: ',' expected.
server/areaIntelligence.ts(243,68): error TS1005: ',' expected.
server/areaIntelligence.ts(243,73): error TS1005: ',' expected.
server/areaIntelligence.ts(243,76): error TS1005: ',' expected.
server/areaIntelligence.ts(243,81): error TS1005: ',' expected.
server/areaIntelligence.ts(243,98): error TS1005: ',' expected.
server/areaIntelligence.ts(243,103): error TS1005: ',' expected.
server/areaIntelligence.ts(243,106): error TS1005: ',' expected.
server/areaIntelligence.ts(243,111): error TS1005: ',' expected.
server/areaIntelligence.ts(243,114): error TS1005: ',' expected.
server/areaIntelligence.ts(244,13): error TS1109: Expression expected.
server/areaIntelligence.ts(244,14): error TS1109: Expression expected.
server/areaIntelligence.ts(244,15): error TS1005: ';' expected.
server/areaIntelligence.ts(244,16): error TS1128: Declaration or statement expected.
server/areaIntelligence.ts(245,5): error TS1435: Unknown keyword or identifier. Did you mean 'from'?
server/areaIntelligence.ts(245,10): error TS1434: Unexpected keyword or identifier.
server/areaIntelligence.ts(245,34): error TS1434: Unexpected keyword or identifier.
server/areaIntelligence.ts(245,40): error TS1434: Unexpected keyword or identifier.
server/areaIntelligence.ts(250,5): error TS1435: Unknown keyword or identifier. Did you mean 'with'?
server/areaIntelligence.ts(250,10): error TS1434: Unexpected keyword or identifier.
server/areaIntelligence.ts(251,14): error TS1005: ',' expected.
server/areaIntelligence.ts(251,23): error TS1005: ',' expected.
server/areaIntelligence.ts(251,37): error TS1005: ',' expected.
server/areaIntelligence.ts(252,7): error TS1005: ',' expected.
server/areaIntelligence.ts(252,12): error TS1005: ',' expected.
server/areaIntelligence.ts(252,31): error TS1005: ',' expected.
server/areaIntelligence.ts(252,37): error TS1005: ',' expected.
server/areaIntelligence.ts(253,7): error TS1005: ',' expected.
server/areaIntelligence.ts(253,13): error TS1005: ',' expected.
server/areaIntelligence.ts(253,16): error TS1005: ',' expected.
server/areaIntelligence.ts(253,40): error TS1005: ',' expected.
server/areaIntelligence.ts(254,17): error TS1005: ';' expected.
server/areaIntelligence.ts(255,14): error TS1005: ',' expected.
server/areaIntelligence.ts(257,9): error TS1005: ',' expected.
server/areaIntelligence.ts(257,14): error TS1005: ',' expected.
server/areaIntelligence.ts(257,42): error TS1005: ',' expected.
server/areaIntelligence.ts(257,43): error TS1135: Argument expression expected.
server/areaIntelligence.ts(257,52): error TS1005: ',' expected.
server/areaIntelligence.ts(257,57): error TS1005: ',' expected.
server/areaIntelligence.ts(258,9): error TS1005: ',' expected.
server/areaIntelligence.ts(258,14): error TS1005: ',' expected.
server/areaIntelligence.ts(258,42): error TS1005: ',' expected.
server/areaIntelligence.ts(258,43): error TS1135: Argument expression expected.
server/areaIntelligence.ts(258,53): error TS1005: ',' expected.
server/areaIntelligence.ts(258,58): error TS1005: ',' expected.
server/areaIntelligence.ts(259,9): error TS1005: ',' expected.
server/areaIntelligence.ts(259,14): error TS1005: ',' expected.
server/areaIntelligence.ts(259,42): error TS1005: ',' expected.
server/areaIntelligence.ts(259,43): error TS1135: Argument expression expected.
server/areaIntelligence.ts(259,53): error TS1005: ',' expected.
server/areaIntelligence.ts(259,58): error TS1005: ',' expected.
server/areaIntelligence.ts(260,9): error TS1005: ',' expected.
server/areaIntelligence.ts(260,14): error TS1005: ',' expected.
server/areaIntelligence.ts(260,42): error TS1005: ',' expected.
server/areaIntelligence.ts(260,43): error TS1135: Argument expression expected.
server/areaIntelligence.ts(260,53): error TS1005: ',' expected.
server/areaIntelligence.ts(260,58): error TS1005: ',' expected.
server/areaIntelligence.ts(260,61): error TS1005: ',' expected.
server/areaIntelligence.ts(260,66): error TS1005: ',' expected.
server/areaIntelligence.ts(260,68): error TS1005: ',' expected.
server/areaIntelligence.ts(260,72): error TS1005: ',' expected.
server/areaIntelligence.ts(261,75): error TS1005: ',' expected.
server/areaIntelligence.ts(262,7): error TS1005: ',' expected.
server/areaIntelligence.ts(262,12): error TS1005: ',' expected.
server/areaIntelligence.ts(262,29): error TS1005: ',' expected.
server/areaIntelligence.ts(263,7): error TS1005: ',' expected.
server/areaIntelligence.ts(263,12): error TS1005: ',' expected.
server/areaIntelligence.ts(263,28): error TS1005: ',' expected.
server/areaIntelligence.ts(263,30): error TS1005: ',' expected.
server/areaIntelligence.ts(263,33): error TS1005: ',' expected.
server/areaIntelligence.ts(264,7): error TS1005: ',' expected.
server/areaIntelligence.ts(264,12): error TS1005: ',' expected.
server/areaIntelligence.ts(264,21): error TS1005: ',' expected.
server/areaIntelligence.ts(264,23): error TS1005: ',' expected.
server/areaIntelligence.ts(264,26): error TS1005: ',' expected.
server/areaIntelligence.ts(264,45): error TS1005: ',' expected.
server/areaIntelligence.ts(264,49): error TS1005: ',' expected.
server/areaIntelligence.ts(265,7): error TS1005: ',' expected.
server/areaIntelligence.ts(265,12): error TS1005: ',' expected.
server/areaIntelligence.ts(265,25): error TS1005: ',' expected.
server/areaIntelligence.ts(265,28): error TS1005: ',' expected.
server/areaIntelligence.ts(265,31): error TS1005: ',' expected.
server/areaIntelligence.ts(266,17): error TS1005: ';' expected.
server/areaIntelligence.ts(267,14): error TS1005: ',' expected.
server/areaIntelligence.ts(268,90): error TS1005: ',' expected.
server/areaIntelligence.ts(269,14): error TS1109: Expression expected.
server/areaIntelligence.ts(269,15): error TS1109: Expression expected.
server/areaIntelligence.ts(269,17): error TS1005: ',' expected.
server/areaIntelligence.ts(269,30): error TS1005: ',' expected.
server/areaIntelligence.ts(269,42): error TS1005: ',' expected.
server/areaIntelligence.ts(269,43): error TS1135: Argument expression expected.
server/areaIntelligence.ts(269,48): error TS1005: ',' expected.
server/areaIntelligence.ts(270,7): error TS1005: ',' expected.
server/areaIntelligence.ts(270,12): error TS1005: ',' expected.
server/areaIntelligence.ts(270,21): error TS1005: ',' expected.
server/areaIntelligence.ts(270,27): error TS1005: ',' expected.
server/areaIntelligence.ts(270,39): error TS1005: ',' expected.
server/areaIntelligence.ts(270,45): error TS1005: ',' expected.
server/areaIntelligence.ts(270,48): error TS1005: ',' expected.
server/areaIntelligence.ts(271,17): error TS1005: ';' expected.
server/areaIntelligence.ts(272,14): error TS1005: ',' expected.
server/areaIntelligence.ts(273,90): error TS1005: ',' expected.
server/areaIntelligence.ts(274,7): error TS1005: ',' expected.
server/areaIntelligence.ts(274,12): error TS1005: ',' expected.
server/areaIntelligence.ts(274,21): error TS1005: ',' expected.
server/areaIntelligence.ts(274,27): error TS1005: ',' expected.
server/areaIntelligence.ts(274,39): error TS1005: ',' expected.
server/areaIntelligence.ts(274,45): error TS1005: ',' expected.
server/areaIntelligence.ts(274,48): error TS1005: ',' expected.
server/areaIntelligence.ts(276,5): error TS1434: Unexpected keyword or identifier.
server/areaIntelligence.ts(277,5): error TS1435: Unknown keyword or identifier. Did you mean 'from'?
server/areaIntelligence.ts(277,10): error TS1434: Unexpected keyword or identifier.
server/areaIntelligence.ts(277,19): error TS1434: Unexpected keyword or identifier.
server/areaIntelligence.ts(277,21): error TS1435: Unknown keyword or identifier. Did you mean 'let'?
server/areaIntelligence.ts(277,26): error TS1434: Unexpected keyword or identifier.
server/areaIntelligence.ts(277,31): error TS1434: Unexpected keyword or identifier.
server/areaIntelligence.ts(277,40): error TS1434: Unexpected keyword or identifier.
server/areaIntelligence.ts(282,7): error TS1434: Unexpected keyword or identifier.
server/areaIntelligence.ts(282,14): error TS1434: Unexpected keyword or identifier.
server/areaIntelligence.ts(283,19): error TS1005: ',' expected.
server/areaIntelligence.ts(283,20): error TS1135: Argument expression expected.
server/areaIntelligence.ts(283,64): error TS1005: ',' expected.
server/areaIntelligence.ts(283,65): error TS1135: Argument expression expected.
server/areaIntelligence.ts(284,42): error TS1005: ',' expected.
server/areaIntelligence.ts(284,43): error TS1135: Argument expression expected.
server/areaIntelligence.ts(284,67): error TS1005: ',' expected.
server/areaIntelligence.ts(284,68): error TS1135: Argument expression expected.
server/areaIntelligence.ts(284,92): error TS1005: ',' expected.
server/areaIntelligence.ts(284,93): error TS1135: Argument expression expected.
server/areaIntelligence.ts(285,7): error TS1434: Unexpected keyword or identifier.
server/areaIntelligence.ts(285,50): error TS1005: ';' expected.
server/areaIntelligence.ts(285,53): error TS1434: Unexpected keyword or identifier.
server/areaIntelligence.ts(296,5): error TS1435: Unknown keyword or identifier. Did you mean 'with'?
server/areaIntelligence.ts(296,10): error TS1434: Unexpected keyword or identifier.
server/areaIntelligence.ts(297,14): error TS1005: ',' expected.
server/areaIntelligence.ts(297,23): error TS1005: ',' expected.
server/areaIntelligence.ts(298,9): error TS1005: ',' expected.
server/areaIntelligence.ts(299,7): error TS1005: ',' expected.
server/areaIntelligence.ts(299,12): error TS1005: ',' expected.
server/areaIntelligence.ts(299,34): error TS1005: ',' expected.
server/areaIntelligence.ts(299,36): error TS1005: ',' expected.
server/areaIntelligence.ts(299,42): error TS1005: ',' expected.
server/areaIntelligence.ts(299,45): error TS1005: ',' expected.
server/areaIntelligence.ts(299,81): error TS1005: ',' expected.
server/areaIntelligence.ts(299,102): error TS1005: ',' expected.
server/areaIntelligence.ts(301,5): error TS1434: Unexpected keyword or identifier.
server/areaIntelligence.ts(301,17): error TS1005: ';' expected.
server/areaIntelligence.ts(303,22): error TS1005: ',' expected.
server/areaIntelligence.ts(303,35): error TS1005: ',' expected.
server/areaIntelligence.ts(303,38): error TS1005: ',' expected.
server/areaIntelligence.ts(303,42): error TS1005: ',' expected.
server/areaIntelligence.ts(303,48): error TS1005: ';' expected.
server/areaIntelligence.ts(304,5): error TS1435: Unknown keyword or identifier. Did you mean 'from'?
server/areaIntelligence.ts(304,10): error TS1434: Unexpected keyword or identifier.
server/areaIntelligence.ts(304,26): error TS1434: Unexpected keyword or identifier.
server/areaIntelligence.ts(304,28): error TS1435: Unknown keyword or identifier. Did you mean 'let'?
server/areaIntelligence.ts(304,33): error TS1434: Unexpected keyword or identifier.
server/areaIntelligence.ts(304,38): error TS1434: Unexpected keyword or identifier.
server/areaIntelligence.ts(304,45): error TS1434: Unexpected keyword or identifier.
server/areaIntelligence.ts(304,47): error TS1434: Unexpected keyword or identifier.
server/areaIntelligence.ts(305,5): error TS1434: Unexpected keyword or identifier.
server/areaIntelligence.ts(305,11): error TS1434: Unexpected keyword or identifier.
server/areaIntelligence.ts(340,7): error TS1434: Unexpected keyword or identifier.
server/areaIntelligence.ts(340,14): error TS1434: Unexpected keyword or identifier.
server/areaIntelligence.ts(342,40): error TS1005: ',' expected.
server/areaIntelligence.ts(342,41): error TS1135: Argument expression expected.
server/areaIntelligence.ts(342,51): error TS1005: ',' expected.
server/areaIntelligence.ts(342,52): error TS1135: Argument expression expected.
server/areaIntelligence.ts(345,7): error TS1434: Unexpected keyword or identifier.
server/areaIntelligence.ts(345,14): error TS1434: Unexpected keyword or identifier.
server/areaIntelligence.ts(348,7): error TS1434: Unexpected keyword or identifier.
server/areaIntelligence.ts(348,28): error TS1005: ';' expected.
server/areaIntelligence.ts(348,31): error TS1434: Unexpected keyword or identifier.
server/areaIntelligence.ts(379,7): error TS1434: Unexpected keyword or identifier.
server/areaIntelligence.ts(379,14): error TS1434: Unexpected keyword or identifier.
server/areaIntelligence.ts(379,32): error TS1435: Unknown keyword or identifier. Did you mean 'set'?
server/areaIntelligence.ts(380,39): error TS1005: ';' expected.
server/areaIntelligence.ts(380,40): error TS1128: Declaration or statement expected.
server/areaIntelligence.ts(380,41): error TS1434: Unexpected keyword or identifier.
server/areaIntelligence.ts(380,47): error TS1434: Unexpected keyword or identifier.
server/areaIntelligence.ts(391,5): error TS1434: Unexpected keyword or identifier.
server/areaIntelligence.ts(391,12): error TS1434: Unexpected keyword or identifier.
server/areaIntelligence.ts(392,5): error TS1434: Unexpected keyword or identifier.
server/areaIntelligence.ts(392,59): error TS1005: ',' expected.
server/areaIntelligence.ts(392,60): error TS1135: Argument expression expected.
server/areaIntelligence.ts(394,17): error TS1005: ';' expected.
server/areaIntelligence.ts(394,29): error TS1005: ';' expected.
server/areaIntelligence.ts(394,32): error TS1435: Unknown keyword or identifier. Did you mean 'null'?
server/areaIntelligence.ts(394,37): error TS1434: Unexpected keyword or identifier.
server/areaIntelligence.ts(394,42): error TS1435: Unknown keyword or identifier. Did you mean 'null'?
server/areaIntelligence.ts(394,47): error TS1435: Unknown keyword or identifier. Did you mean 'else'?
server/areaIntelligence.ts(394,78): error TS1005: ';' expected.
server/areaIntelligence.ts(395,5): error TS1435: Unknown keyword or identifier. Did you mean 'from'?
server/areaIntelligence.ts(395,10): error TS1434: Unexpected keyword or identifier.
server/areaIntelligence.ts(396,5): error TS1435: Unknown keyword or identifier. Did you mean 'let'?
server/areaIntelligence.ts(396,10): error TS1434: Unexpected keyword or identifier.
server/areaIntelligence.ts(396,15): error TS1434: Unexpected keyword or identifier.
server/areaIntelligence.ts(396,22): error TS1434: Unexpected keyword or identifier.
server/areaIntelligence.ts(396,24): error TS1434: Unexpected keyword or identifier.
server/areaIntelligence.ts(397,5): error TS1434: Unexpected keyword or identifier.
server/areaIntelligence.ts(398,5): error TS1434: Unexpected keyword or identifier.
server/areaIntelligence.ts(398,68): error TS1005: ';' expected.
server/areaIntelligence.ts(398,71): error TS1434: Unexpected keyword or identifier.
server/areaIntelligence.ts(401,5): error TS1435: Unknown keyword or identifier. Did you mean 'return'?
server/areaIntelligence.ts(409,5): error TS1434: Unexpected keyword or identifier.
server/areaIntelligence.ts(409,12): error TS1434: Unexpected keyword or identifier.
server/areaIntelligence.ts(410,5): error TS1434: Unexpected keyword or identifier.
server/areaIntelligence.ts(411,5): error TS1435: Unknown keyword or identifier. Did you mean 'from'?
server/areaIntelligence.ts(411,10): error TS1434: Unexpected keyword or identifier.
server/areaIntelligence.ts(412,5): error TS1434: Unexpected keyword or identifier.
server/areaIntelligence.ts(412,10): error TS1434: Unexpected keyword or identifier.
server/areaIntelligence.ts(412,18): error TS1434: Unexpected keyword or identifier.
server/areaIntelligence.ts(412,20): error TS1434: Unexpected keyword or identifier.
server/areaIntelligence.ts(413,5): error TS1434: Unexpected keyword or identifier.
server/areaIntelligence.ts(413,10): error TS1434: Unexpected keyword or identifier.
server/areaIntelligence.ts(413,26): error TS1434: Unexpected keyword or identifier.
server/areaIntelligence.ts(413,28): error TS1434: Unexpected keyword or identifier.
server/areaIntelligence.ts(414,5): error TS1434: Unexpected keyword or identifier.
server/areaIntelligence.ts(414,33): error TS1005: ';' expected.
server/areaIntelligence.ts(414,36): error TS1434: Unexpected keyword or identifier.
server/areaIntelligence.ts(417,5): error TS1435: Unknown keyword or identifier. Did you mean 'return'?
server/areaIntelligence.ts(422,5): error TS1434: Unexpected keyword or identifier.
server/areaIntelligence.ts(422,12): error TS1434: Unexpected keyword or identifier.
server/areaIntelligence.ts(423,5): error TS1434: Unexpected keyword or identifier.
server/areaIntelligence.ts(423,12): error TS1434: Unexpected keyword or identifier.
server/areaIntelligence.ts(423,30): error TS1005: ';' expected.
server/areaIntelligence.ts(424,5): error TS1435: Unknown keyword or identifier. Did you mean 'from'?
server/areaIntelligence.ts(424,10): error TS1434: Unexpected keyword or identifier.
server/areaIntelligence.ts(425,5): error TS1434: Unexpected keyword or identifier.
server/areaIntelligence.ts(425,10): error TS1434: Unexpected keyword or identifier.
server/areaIntelligence.ts(425,18): error TS1434: Unexpected keyword or identifier.
server/areaIntelligence.ts(425,20): error TS1434: Unexpected keyword or identifier.
server/areaIntelligence.ts(425,40): error TS1005: ';' expected.
server/areaIntelligence.ts(425,51): error TS1005: ';' expected.
server/areaIntelligence.ts(425,54): error TS1434: Unexpected keyword or identifier.
server/areaIntelligence.ts(426,5): error TS1434: Unexpected keyword or identifier.
server/areaIntelligence.ts(426,10): error TS1434: Unexpected keyword or identifier.
server/areaIntelligence.ts(426,26): error TS1434: Unexpected keyword or identifier.
server/areaIntelligence.ts(426,28): error TS1434: Unexpected keyword or identifier.
server/areaIntelligence.ts(426,38): error TS1005: ';' expected.
server/areaIntelligence.ts(426,41): error TS1434: Unexpected keyword or identifier.
server/areaIntelligence.ts(426,45): error TS1435: Unknown keyword or identifier. Did you mean 'null'?
server/areaIntelligence.ts(426,50): error TS1434: Unexpected keyword or identifier.
server/areaIntelligence.ts(427,5): error TS1435: Unknown keyword or identifier. Did you mean 'let'?
server/areaIntelligence.ts(427,10): error TS1434: Unexpected keyword or identifier.
server/areaIntelligence.ts(427,15): error TS1434: Unexpected keyword or identifier.
server/areaIntelligence.ts(427,36): error TS1434: Unexpected keyword or identifier.
server/areaIntelligence.ts(427,38): error TS1434: Unexpected keyword or identifier.
server/areaIntelligence.ts(428,5): error TS1434: Unexpected keyword or identifier.
server/areaIntelligence.ts(428,28): error TS1005: ';' expected.
server/areaIntelligence.ts(429,5): error TS1434: Unexpected keyword or identifier.
server/areaIntelligence.ts(429,11): error TS1434: Unexpected keyword or identifier.
server/areaIntelligence.ts(430,5): error TS1434: Unexpected keyword or identifier.
server/areaIntelligence.ts(430,33): error TS1005: ';' expected.
server/areaIntelligence.ts(431,5): error TS1435: Unknown keyword or identifier. Did you mean 'return'?
server/areaIntelligence.ts(436,5): error TS1435: Unknown keyword or identifier. Did you mean 'with'?
server/areaIntelligence.ts(436,10): error TS1434: Unexpected keyword or identifier.
server/areaIntelligence.ts(437,14): error TS1005: ',' expected.
server/areaIntelligence.ts(437,44): error TS1005: ',' expected.
server/areaIntelligence.ts(438,19): error TS1005: ',' expected.
server/areaIntelligence.ts(438,24): error TS1005: ',' expected.
server/areaIntelligence.ts(438,31): error TS1005: ',' expected.
server/areaIntelligence.ts(438,34): error TS1005: ',' expected.
server/areaIntelligence.ts(438,38): error TS1005: ',' expected.
server/areaIntelligence.ts(438,43): error TS1005: ',' expected.
server/areaIntelligence.ts(438,48): error TS1005: ',' expected.
server/areaIntelligence.ts(438,65): error TS1005: ',' expected.
server/areaIntelligence.ts(438,70): error TS1005: ',' expected.
server/areaIntelligence.ts(438,92): error TS1005: ',' expected.
server/areaIntelligence.ts(438,96): error TS1005: ',' expected.
server/areaIntelligence.ts(439,7): error TS1005: ',' expected.
server/areaIntelligence.ts(439,12): error TS1005: ',' expected.
server/areaIntelligence.ts(439,21): error TS1005: ',' expected.
server/areaIntelligence.ts(440,7): error TS1005: ',' expected.
server/areaIntelligence.ts(440,12): error TS1005: ',' expected.
server/areaIntelligence.ts(440,17): error TS1005: ',' expected.
server/areaIntelligence.ts(440,27): error TS1005: ',' expected.
server/areaIntelligence.ts(440,29): error TS1005: ',' expected.
server/areaIntelligence.ts(440,32): error TS1005: ',' expected.
server/areaIntelligence.ts(441,7): error TS1005: ',' expected.
server/areaIntelligence.ts(441,12): error TS1005: ',' expected.
server/areaIntelligence.ts(441,17): error TS1005: ',' expected.
server/areaIntelligence.ts(441,28): error TS1005: ',' expected.
server/areaIntelligence.ts(441,31): error TS1005: ',' expected.
server/areaIntelligence.ts(441,34): error TS1005: ',' expected.
server/areaIntelligence.ts(442,7): error TS1005: ',' expected.
server/areaIntelligence.ts(442,12): error TS1005: ',' expected.
server/areaIntelligence.ts(442,17): error TS1005: ',' expected.
server/areaIntelligence.ts(442,27): error TS1005: ',' expected.
server/areaIntelligence.ts(442,30): error TS1005: ',' expected.
server/areaIntelligence.ts(442,33): error TS1005: ',' expected.
server/areaIntelligence.ts(443,7): error TS1005: ',' expected.
server/areaIntelligence.ts(443,13): error TS1005: ',' expected.
server/areaIntelligence.ts(443,38): error TS1005: ',' expected.
server/areaIntelligence.ts(443,41): error TS1005: ',' expected.
server/areaIntelligence.ts(443,45): error TS1005: ',' expected.
server/areaIntelligence.ts(445,5): error TS1434: Unexpected keyword or identifier.
server/areaIntelligence.ts(445,12): error TS1434: Unexpected keyword or identifier.
server/areaIntelligence.ts(446,5): error TS1434: Unexpected keyword or identifier.
server/areaIntelligence.ts(446,12): error TS1434: Unexpected keyword or identifier.
server/areaIntelligence.ts(446,31): error TS1005: ';' expected.
server/areaIntelligence.ts(447,12): error TS1005: ';' expected.
server/areaIntelligence.ts(447,44): error TS1005: ';' expected.
server/areaIntelligence.ts(447,53): error TS1005: ';' expected.
server/areaIntelligence.ts(447,62): error TS1005: ';' expected.
server/areaIntelligence.ts(448,5): error TS1435: Unknown keyword or identifier. Did you mean 'from'?
server/areaIntelligence.ts(448,10): error TS1434: Unexpected keyword or identifier.
server/areaIntelligence.ts(449,5): error TS1434: Unexpected keyword or identifier.
server/areaIntelligence.ts(449,10): error TS1434: Unexpected keyword or identifier.
server/areaIntelligence.ts(449,26): error TS1434: Unexpected keyword or identifier.
server/areaIntelligence.ts(449,28): error TS1434: Unexpected keyword or identifier.
server/areaIntelligence.ts(449,38): error TS1005: ';' expected.
server/areaIntelligence.ts(449,41): error TS1434: Unexpected keyword or identifier.
server/areaIntelligence.ts(449,45): error TS1435: Unknown keyword or identifier. Did you mean 'null'?
server/areaIntelligence.ts(449,50): error TS1434: Unexpected keyword or identifier.
server/areaIntelligence.ts(450,5): error TS1434: Unexpected keyword or identifier.
server/areaIntelligence.ts(450,11): error TS1434: Unexpected keyword or identifier.
server/areaIntelligence.ts(451,5): error TS1434: Unexpected keyword or identifier.
server/areaIntelligence.ts(451,29): error TS1005: ';' expected.
server/areaIntelligence.ts(451,32): error TS1434: Unexpected keyword or identifier.
server/areaIntelligence.ts(454,5): error TS1435: Unknown keyword or identifier. Did you mean 'return'?
server/areaIntelligence.ts(459,5): error TS1434: Unexpected keyword or identifier.
server/areaIntelligence.ts(459,12): error TS1434: Unexpected keyword or identifier.
server/areaIntelligence.ts(460,5): error TS1434: Unexpected keyword or identifier.
server/areaIntelligence.ts(461,12): error TS1005: ';' expected.
server/areaIntelligence.ts(461,31): error TS1005: ',' expected.
server/areaIntelligence.ts(461,32): error TS1135: Argument expression expected.
server/areaIntelligence.ts(462,9): error TS1434: Unexpected keyword or identifier.
server/areaIntelligence.ts(462,52): error TS1005: ',' expected.
server/areaIntelligence.ts(462,53): error TS1135: Argument expression expected.
server/areaIntelligence.ts(462,79): error TS1005: ',' expected.
server/areaIntelligence.ts(462,80): error TS1135: Argument expression expected.
server/areaIntelligence.ts(462,92): error TS1005: ';' expected.
server/areaIntelligence.ts(464,5): error TS1435: Unknown keyword or identifier. Did you mean 'from'?
server/areaIntelligence.ts(464,10): error TS1434: Unexpected keyword or identifier.
server/areaIntelligence.ts(465,5): error TS1434: Unexpected keyword or identifier.
server/areaIntelligence.ts(465,10): error TS1434: Unexpected keyword or identifier.
server/areaIntelligence.ts(465,26): error TS1434: Unexpected keyword or identifier.
server/areaIntelligence.ts(465,28): error TS1434: Unexpected keyword or identifier.
server/areaIntelligence.ts(465,38): error TS1005: ';' expected.
server/areaIntelligence.ts(465,41): error TS1434: Unexpected keyword or identifier.
server/areaIntelligence.ts(465,45): error TS1435: Unknown keyword or identifier. Did you mean 'null'?
server/areaIntelligence.ts(465,50): error TS1434: Unexpected keyword or identifier.
server/areaIntelligence.ts(465,61): error TS1005: ';' expected.
server/areaIntelligence.ts(465,64): error TS1434: Unexpected keyword or identifier.
server/areaIntelligence.ts(465,68): error TS1435: Unknown keyword or identifier. Did you mean 'null'?
server/areaIntelligence.ts(465,73): error TS1434: Unexpected keyword or identifier.
server/areaIntelligence.ts(466,5): error TS1434: Unexpected keyword or identifier.
server/areaIntelligence.ts(466,37): error TS1005: ';' expected.
server/areaIntelligence.ts(466,40): error TS1434: Unexpected keyword or identifier.
server/areaIntelligence.ts(466,47): error TS1435: Unknown keyword or identifier. Did you mean 'set'?
server/areaIntelligence.ts(467,5): error TS1435: Unknown keyword or identifier. Did you mean 'return'?
server/areaIntelligence.ts(472,5): error TS1434: Unexpected keyword or identifier.
server/areaIntelligence.ts(472,12): error TS1434: Unexpected keyword or identifier.
server/areaIntelligence.ts(473,5): error TS1434: Unexpected keyword or identifier.
server/areaIntelligence.ts(473,40): error TS1005: ',' expected.
server/areaIntelligence.ts(473,41): error TS1135: Argument expression expected.
server/areaIntelligence.ts(473,58): error TS1005: ',' expected.
server/areaIntelligence.ts(473,59): error TS1135: Argument expression expected.
server/areaIntelligence.ts(474,5): error TS1435: Unknown keyword or identifier. Did you mean 'from'?
server/areaIntelligence.ts(474,10): error TS1434: Unexpected keyword or identifier.
server/areaIntelligence.ts(475,5): error TS1434: Unexpected keyword or identifier.
server/areaIntelligence.ts(475,10): error TS1434: Unexpected keyword or identifier.
server/areaIntelligence.ts(475,26): error TS1434: Unexpected keyword or identifier.
server/areaIntelligence.ts(475,28): error TS1434: Unexpected keyword or identifier.
server/areaIntelligence.ts(475,38): error TS1005: ';' expected.
server/areaIntelligence.ts(475,41): error TS1434: Unexpected keyword or identifier.
server/areaIntelligence.ts(475,45): error TS1435: Unknown keyword or identifier. Did you mean 'null'?
server/areaIntelligence.ts(475,50): error TS1434: Unexpected keyword or identifier.
server/areaIntelligence.ts(475,61): error TS1005: ';' expected.
server/areaIntelligence.ts(475,64): error TS1434: Unexpected keyword or identifier.
server/areaIntelligence.ts(476,7): error TS1434: Unexpected keyword or identifier.
server/areaIntelligence.ts(476,28): error TS1005: ',' expected.
server/areaIntelligence.ts(476,29): error TS1135: Argument expression expected.
server/areaIntelligence.ts(476,46): error TS1005: ',' expected.
server/areaIntelligence.ts(476,47): error TS1135: Argument expression expected.
server/areaIntelligence.ts(477,5): error TS1434: Unexpected keyword or identifier.
server/areaIntelligence.ts(477,37): error TS1005: ';' expected.
server/areaIntelligence.ts(477,40): error TS1434: Unexpected keyword or identifier.
server/areaIntelligence.ts(477,47): error TS1435: Unknown keyword or identifier. Did you mean 'set'?
server/areaIntelligence.ts(478,5): error TS1435: Unknown keyword or identifier. Did you mean 'return'?
server/areaIntelligence.ts(486,5): error TS1434: Unexpected keyword or identifier.
server/areaIntelligence.ts(486,12): error TS1434: Unexpected keyword or identifier.
server/areaIntelligence.ts(487,5): error TS1434: Unexpected keyword or identifier.
server/areaIntelligence.ts(488,5): error TS1434: Unexpected keyword or identifier.
server/areaIntelligence.ts(488,48): error TS1005: ';' expected.
server/areaIntelligence.ts(488,51): error TS1434: Unexpected keyword or identifier.
server/areaIntelligence.ts(491,5): error TS1435: Unknown keyword or identifier. Did you mean 'return'?
server/areaIntelligence.ts(500,5): error TS1434: Unexpected keyword or identifier.
server/areaIntelligence.ts(500,31): error TS1005: ';' expected.
server/areaIntelligence.ts(500,32): error TS1128: Declaration or statement expected.
server/areaIntelligence.ts(500,68): error TS1109: Expression expected.
server/areaIntelligence.ts(500,69): error TS1109: Expression expected.
server/areaIntelligence.ts(500,70): error TS1005: ';' expected.
server/areaIntelligence.ts(500,71): error TS1128: Declaration or statement expected.
server/areaIntelligence.ts(500,86): error TS1109: Expression expected.
server/areaIntelligence.ts(500,87): error TS1109: Expression expected.
server/areaIntelligence.ts(500,88): error TS1005: ';' expected.
server/areaIntelligence.ts(500,89): error TS1128: Declaration or statement expected.
server/areaIntelligence.ts(501,21): error TS1109: Expression expected.
server/areaIntelligence.ts(501,22): error TS1109: Expression expected.
server/areaIntelligence.ts(501,23): error TS1005: ',' expected.
server/areaIntelligence.ts(501,24): error TS1135: Argument expression expected.
server/areaIntelligence.ts(502,5): error TS1435: Unknown keyword or identifier. Did you mean 'from'?
server/areaIntelligence.ts(502,10): error TS1434: Unexpected keyword or identifier.
server/areaIntelligence.ts(502,31): error TS1434: Unexpected keyword or identifier.
server/areaIntelligence.ts(502,33): error TS1434: Unexpected keyword or identifier.
server/areaIntelligence.ts(502,38): error TS1434: Unexpected keyword or identifier.
server/areaIntelligence.ts(502,51): error TS1434: Unexpected keyword or identifier.
server/areaIntelligence.ts(502,53): error TS1434: Unexpected keyword or identifier.
server/areaIntelligence.ts(503,5): error TS1434: Unexpected keyword or identifier.
server/areaIntelligence.ts(503,46): error TS1005: ';' expected.
server/areaIntelligence.ts(504,5): error TS1434: Unexpected keyword or identifier.
server/areaIntelligence.ts(504,11): error TS1434: Unexpected keyword or identifier.
server/areaIntelligence.ts(508,5): error TS1434: Unexpected keyword or identifier.
server/areaIntelligence.ts(508,31): error TS1005: ';' expected.
server/areaIntelligence.ts(508,32): error TS1128: Declaration or statement expected.
server/areaIntelligence.ts(509,27): error TS1005: ';' expected.
server/areaIntelligence.ts(509,46): error TS1005: ',' expected.
server/areaIntelligence.ts(509,49): error TS1005: ',' expected.
server/areaIntelligence.ts(509,65): error TS1109: Expression expected.
server/areaIntelligence.ts(509,66): error TS1109: Expression expected.
server/areaIntelligence.ts(509,67): error TS1005: ';' expected.
server/areaIntelligence.ts(509,68): error TS1128: Declaration or statement expected.
server/areaIntelligence.ts(510,21): error TS1109: Expression expected.
server/areaIntelligence.ts(510,22): error TS1109: Expression expected.
server/areaIntelligence.ts(510,23): error TS1005: ',' expected.
server/areaIntelligence.ts(510,24): error TS1135: Argument expression expected.
server/areaIntelligence.ts(511,5): error TS1435: Unknown keyword or identifier. Did you mean 'from'?
server/areaIntelligence.ts(511,10): error TS1434: Unexpected keyword or identifier.
server/areaIntelligence.ts(511,31): error TS1434: Unexpected keyword or identifier.
server/areaIntelligence.ts(511,33): error TS1434: Unexpected keyword or identifier.
server/areaIntelligence.ts(511,38): error TS1434: Unexpected keyword or identifier.
server/areaIntelligence.ts(511,51): error TS1434: Unexpected keyword or identifier.
server/areaIntelligence.ts(511,53): error TS1434: Unexpected keyword or identifier.
server/areaIntelligence.ts(512,5): error TS1434: Unexpected keyword or identifier.
server/areaIntelligence.ts(512,46): error TS1005: ';' expected.
server/areaIntelligence.ts(512,58): error TS1005: ';' expected.
server/areaIntelligence.ts(513,5): error TS1434: Unexpected keyword or identifier.
server/areaIntelligence.ts(513,11): error TS1434: Unexpected keyword or identifier.
server/areaIntelligence.ts(517,5): error TS1435: Unknown keyword or identifier. Did you mean 'with'?
server/areaIntelligence.ts(517,10): error TS1434: Unexpected keyword or identifier.
server/areaIntelligence.ts(518,14): error TS1005: ',' expected.
server/areaIntelligence.ts(519,28): error TS1005: ',' expected.
server/areaIntelligence.ts(519,35): error TS1005: ',' expected.
server/areaIntelligence.ts(519,47): error TS1005: ',' expected.
server/areaIntelligence.ts(519,50): error TS1005: ',' expected.
server/areaIntelligence.ts(519,60): error TS1005: ',' expected.
server/areaIntelligence.ts(519,73): error TS1005: ',' expected.
server/areaIntelligence.ts(519,108): error TS1005: ',' expected.
server/areaIntelligence.ts(519,121): error TS1005: ',' expected.
server/areaIntelligence.ts(520,28): error TS1005: ',' expected.
server/areaIntelligence.ts(520,35): error TS1005: ',' expected.
server/areaIntelligence.ts(520,47): error TS1005: ',' expected.
server/areaIntelligence.ts(520,50): error TS1005: ',' expected.
server/areaIntelligence.ts(520,60): error TS1005: ',' expected.
server/areaIntelligence.ts(520,73): error TS1005: ',' expected.
server/areaIntelligence.ts(520,108): error TS1005: ',' expected.
server/areaIntelligence.ts(520,120): error TS1005: ',' expected.
server/areaIntelligence.ts(520,124): error TS1005: ',' expected.
server/areaIntelligence.ts(520,158): error TS1005: ',' expected.
server/areaIntelligence.ts(520,171): error TS1005: ',' expected.
server/areaIntelligence.ts(521,14): error TS1109: Expression expected.
server/areaIntelligence.ts(521,15): error TS1109: Expression expected.
server/areaIntelligence.ts(521,17): error TS1005: ',' expected.
server/areaIntelligence.ts(521,30): error TS1005: ',' expected.
server/areaIntelligence.ts(521,65): error TS1005: ',' expected.
server/areaIntelligence.ts(521,77): error TS1005: ',' expected.
server/areaIntelligence.ts(521,78): error TS1135: Argument expression expected.
server/areaIntelligence.ts(521,83): error TS1005: ',' expected.
server/areaIntelligence.ts(522,7): error TS1005: ',' expected.
server/areaIntelligence.ts(522,12): error TS1005: ',' expected.
server/areaIntelligence.ts(522,33): error TS1005: ',' expected.
server/areaIntelligence.ts(522,35): error TS1005: ',' expected.
server/areaIntelligence.ts(522,40): error TS1005: ',' expected.
server/areaIntelligence.ts(522,53): error TS1005: ',' expected.
server/areaIntelligence.ts(522,55): error TS1005: ',' expected.
server/areaIntelligence.ts(522,58): error TS1005: ',' expected.
server/areaIntelligence.ts(523,7): error TS1005: ',' expected.
server/areaIntelligence.ts(523,13): error TS1005: ',' expected.
server/areaIntelligence.ts(523,24): error TS1005: ',' expected.
server/areaIntelligence.ts(523,28): error TS1005: ',' expected.
server/areaIntelligence.ts(523,63): error TS1005: ',' expected.
server/areaIntelligence.ts(524,7): error TS1005: ',' expected.
server/areaIntelligence.ts(524,13): error TS1005: ',' expected.
server/areaIntelligence.ts(524,16): error TS1005: ',' expected.
server/areaIntelligence.ts(526,5): error TS1434: Unexpected keyword or identifier.
server/areaIntelligence.ts(526,29): error TS1005: ';' expected.
server/areaIntelligence.ts(526,30): error TS1128: Declaration or statement expected.
server/areaIntelligence.ts(527,12): error TS1005: ';' expected.
server/areaIntelligence.ts(527,22): error TS1005: ';' expected.
server/areaIntelligence.ts(527,41): error TS1005: ';' expected.
server/areaIntelligence.ts(527,56): error TS1005: ',' expected.
server/areaIntelligence.ts(527,57): error TS1135: Argument expression expected.
server/areaIntelligence.ts(529,5): error TS1435: Unknown keyword or identifier. Did you mean 'from'?
server/areaIntelligence.ts(529,10): error TS1434: Unexpected keyword or identifier.
server/areaIntelligence.ts(529,12): error TS1434: Unexpected keyword or identifier.
server/areaIntelligence.ts(529,18): error TS1434: Unexpected keyword or identifier.
server/areaIntelligence.ts(529,21): error TS1434: Unexpected keyword or identifier.
server/areaIntelligence.ts(529,24): error TS1434: Unexpected keyword or identifier.
server/areaIntelligence.ts(529,28): error TS1435: Unknown keyword or identifier. Did you mean 'null'?
server/areaIntelligence.ts(529,33): error TS1434: Unexpected keyword or identifier.
server/areaIntelligence.ts(529,37): error TS1434: Unexpected keyword or identifier.
server/areaIntelligence.ts(529,40): error TS1434: Unexpected keyword or identifier.
server/areaIntelligence.ts(529,43): error TS1434: Unexpected keyword or identifier.
server/areaIntelligence.ts(533,5): error TS1435: Unknown keyword or identifier. Did you mean 'with'?
server/areaIntelligence.ts(533,10): error TS1434: Unexpected keyword or identifier.
server/areaIntelligence.ts(534,14): error TS1005: ',' expected.
server/areaIntelligence.ts(535,80): error TS1005: ',' expected.
server/areaIntelligence.ts(536,81): error TS1005: ',' expected.
server/areaIntelligence.ts(537,15): error TS1109: Expression expected.
server/areaIntelligence.ts(537,16): error TS1109: Expression expected.
server/areaIntelligence.ts(537,17): error TS1005: ',' expected.
server/areaIntelligence.ts(537,18): error TS1135: Argument expression expected.
server/areaIntelligence.ts(537,23): error TS1005: ',' expected.
server/areaIntelligence.ts(538,7): error TS1005: ',' expected.
server/areaIntelligence.ts(538,12): error TS1005: ',' expected.
server/areaIntelligence.ts(538,29): error TS1005: ',' expected.
server/areaIntelligence.ts(538,31): error TS1005: ',' expected.
server/areaIntelligence.ts(538,36): error TS1005: ',' expected.
server/areaIntelligence.ts(538,53): error TS1005: ',' expected.
server/areaIntelligence.ts(538,55): error TS1005: ',' expected.
server/areaIntelligence.ts(538,58): error TS1005: ',' expected.
server/areaIntelligence.ts(538,76): error TS1005: ',' expected.
server/areaIntelligence.ts(538,82): error TS1005: ',' expected.
server/areaIntelligence.ts(538,85): error TS1005: ',' expected.
server/areaIntelligence.ts(540,5): error TS1434: Unexpected keyword or identifier.
server/areaIntelligence.ts(540,29): error TS1005: ';' expected.
server/areaIntelligence.ts(540,30): error TS1128: Declaration or statement expected.
server/areaIntelligence.ts(541,12): error TS1005: ';' expected.
server/areaIntelligence.ts(541,28): error TS1005: ';' expected.
server/areaIntelligence.ts(541,50): error TS1005: ';' expected.
server/areaIntelligence.ts(542,12): error TS1005: ';' expected.
server/areaIntelligence.ts(542,22): error TS1005: ';' expected.
server/areaIntelligence.ts(542,30): error TS1005: ';' expected.
server/areaIntelligence.ts(542,40): error TS1005: ';' expected.
server/areaIntelligence.ts(542,48): error TS1005: ';' expected.
server/areaIntelligence.ts(542,56): error TS1005: ';' expected.
server/areaIntelligence.ts(544,5): error TS1435: Unknown keyword or identifier. Did you mean 'from'?
server/areaIntelligence.ts(544,10): error TS1434: Unexpected keyword or identifier.
server/areaIntelligence.ts(544,12): error TS1434: Unexpected keyword or identifier.
server/areaIntelligence.ts(548,5): error TS1435: Unknown keyword or identifier. Did you mean 'with'?
server/areaIntelligence.ts(548,10): error TS1434: Unexpected keyword or identifier.
server/areaIntelligence.ts(549,14): error TS1005: ',' expected.
server/areaIntelligence.ts(549,19): error TS1005: ',' expected.
server/areaIntelligence.ts(550,26): error TS1005: ',' expected.
server/areaIntelligence.ts(550,39): error TS1005: ',' expected.
server/areaIntelligence.ts(550,59): error TS1005: ',' expected.
server/areaIntelligence.ts(551,26): error TS1005: ',' expected.
server/areaIntelligence.ts(551,39): error TS1005: ',' expected.
server/areaIntelligence.ts(551,59): error TS1005: ',' expected.
server/areaIntelligence.ts(552,7): error TS1005: ',' expected.
server/areaIntelligence.ts(552,12): error TS1005: ',' expected.
server/areaIntelligence.ts(552,28): error TS1005: ',' expected.
server/areaIntelligence.ts(553,7): error TS1005: ',' expected.
server/areaIntelligence.ts(553,12): error TS1005: ',' expected.
server/areaIntelligence.ts(553,34): error TS1005: ',' expected.
server/areaIntelligence.ts(553,36): error TS1005: ',' expected.
server/areaIntelligence.ts(553,39): error TS1005: ',' expected.
server/areaIntelligence.ts(554,7): error TS1005: ',' expected.
server/areaIntelligence.ts(554,13): error TS1005: ',' expected.
server/areaIntelligence.ts(554,16): error TS1005: ',' expected.
server/areaIntelligence.ts(556,5): error TS1434: Unexpected keyword or identifier.
server/areaIntelligence.ts(556,29): error TS1005: ';' expected.
server/areaIntelligence.ts(556,30): error TS1128: Declaration or statement expected.
server/areaIntelligence.ts(557,12): error TS1005: ';' expected.
server/areaIntelligence.ts(557,23): error TS1005: ';' expected.
server/areaIntelligence.ts(557,36): error TS1005: ')' expected.
server/areaIntelligence.ts(557,37): error TS1128: Declaration or statement expected.
server/areaIntelligence.ts(557,51): error TS1005: ';' expected.
server/areaIntelligence.ts(559,5): error TS1435: Unknown keyword or identifier. Did you mean 'from'?
server/areaIntelligence.ts(559,10): error TS1434: Unexpected keyword or identifier.
server/areaIntelligence.ts(559,12): error TS1434: Unexpected keyword or identifier.
server/areaIntelligence.ts(559,24): error TS1005: ';' expected.
server/areaIntelligence.ts(559,28): error TS1434: Unexpected keyword or identifier.
server/areaIntelligence.ts(559,32): error TS1434: Unexpected keyword or identifier.
server/areaIntelligence.ts(559,35): error TS1434: Unexpected keyword or identifier.
server/areaIntelligence.ts(563,5): error TS1434: Unexpected keyword or identifier.
server/areaIntelligence.ts(563,29): error TS1005: ';' expected.
server/areaIntelligence.ts(563,30): error TS1128: Declaration or statement expected.
server/areaIntelligence.ts(564,16): error TS1005: ',' expected.
server/areaIntelligence.ts(564,21): error TS1005: ',' expected.
server/areaIntelligence.ts(564,37): error TS1005: ',' expected.
server/areaIntelligence.ts(564,42): error TS1005: ',' expected.
server/areaIntelligence.ts(564,46): error TS1005: ',' expected.
server/areaIntelligence.ts(564,51): error TS1005: ',' expected.
server/areaIntelligence.ts(564,68): error TS1005: ',' expected.
server/areaIntelligence.ts(564,73): error TS1005: ',' expected.
server/areaIntelligence.ts(564,76): error TS1005: ',' expected.
server/areaIntelligence.ts(564,81): error TS1005: ',' expected.
server/areaIntelligence.ts(564,98): error TS1005: ',' expected.
server/areaIntelligence.ts(564,103): error TS1005: ',' expected.
server/areaIntelligence.ts(564,106): error TS1005: ',' expected.
server/areaIntelligence.ts(564,111): error TS1005: ',' expected.
server/areaIntelligence.ts(564,114): error TS1005: ',' expected.
server/areaIntelligence.ts(565,13): error TS1109: Expression expected.
server/areaIntelligence.ts(565,14): error TS1109: Expression expected.
server/areaIntelligence.ts(565,15): error TS1005: ';' expected.
server/areaIntelligence.ts(565,16): error TS1128: Declaration or statement expected.
server/areaIntelligence.ts(566,5): error TS1435: Unknown keyword or identifier. Did you mean 'from'?
server/areaIntelligence.ts(566,10): error TS1434: Unexpected keyword or identifier.
server/areaIntelligence.ts(566,34): error TS1434: Unexpected keyword or identifier.
server/areaIntelligence.ts(566,40): error TS1434: Unexpected keyword or identifier.
server/areaIntelligence.ts(571,5): error TS1435: Unknown keyword or identifier. Did you mean 'with'?
server/areaIntelligence.ts(571,10): error TS1434: Unexpected keyword or identifier.
server/areaIntelligence.ts(572,14): error TS1005: ',' expected.
server/areaIntelligence.ts(572,23): error TS1005: ',' expected.
server/areaIntelligence.ts(572,37): error TS1005: ',' expected.
server/areaIntelligence.ts(573,7): error TS1005: ',' expected.
server/areaIntelligence.ts(573,12): error TS1005: ',' expected.
server/areaIntelligence.ts(573,31): error TS1005: ',' expected.
server/areaIntelligence.ts(573,37): error TS1005: ',' expected.
server/areaIntelligence.ts(574,7): error TS1005: ',' expected.
server/areaIntelligence.ts(574,13): error TS1005: ',' expected.
server/areaIntelligence.ts(574,16): error TS1005: ',' expected.
server/areaIntelligence.ts(574,40): error TS1005: ',' expected.
server/areaIntelligence.ts(575,17): error TS1005: ';' expected.
server/areaIntelligence.ts(576,14): error TS1005: ',' expected.
server/areaIntelligence.ts(578,9): error TS1005: ',' expected.
server/areaIntelligence.ts(578,14): error TS1005: ',' expected.
server/areaIntelligence.ts(578,42): error TS1005: ',' expected.
server/areaIntelligence.ts(578,43): error TS1135: Argument expression expected.
server/areaIntelligence.ts(578,52): error TS1005: ',' expected.
server/areaIntelligence.ts(578,57): error TS1005: ',' expected.
server/areaIntelligence.ts(579,9): error TS1005: ',' expected.
server/areaIntelligence.ts(579,14): error TS1005: ',' expected.
server/areaIntelligence.ts(579,42): error TS1005: ',' expected.
server/areaIntelligence.ts(579,43): error TS1135: Argument expression expected.
server/areaIntelligence.ts(579,53): error TS1005: ',' expected.
server/areaIntelligence.ts(579,58): error TS1005: ',' expected.
server/areaIntelligence.ts(580,9): error TS1005: ',' expected.
server/areaIntelligence.ts(580,14): error TS1005: ',' expected.
server/areaIntelligence.ts(580,42): error TS1005: ',' expected.
server/areaIntelligence.ts(580,43): error TS1135: Argument expression expected.
server/areaIntelligence.ts(580,53): error TS1005: ',' expected.
server/areaIntelligence.ts(580,58): error TS1005: ',' expected.
server/areaIntelligence.ts(581,9): error TS1005: ',' expected.
server/areaIntelligence.ts(581,14): error TS1005: ',' expected.
server/areaIntelligence.ts(581,42): error TS1005: ',' expected.
server/areaIntelligence.ts(581,43): error TS1135: Argument expression expected.
server/areaIntelligence.ts(581,53): error TS1005: ',' expected.
server/areaIntelligence.ts(581,58): error TS1005: ',' expected.
server/areaIntelligence.ts(581,61): error TS1005: ',' expected.
server/areaIntelligence.ts(581,66): error TS1005: ',' expected.
server/areaIntelligence.ts(581,68): error TS1005: ',' expected.
server/areaIntelligence.ts(581,72): error TS1005: ',' expected.
server/areaIntelligence.ts(582,75): error TS1005: ',' expected.
server/areaIntelligence.ts(583,7): error TS1005: ',' expected.
server/areaIntelligence.ts(583,12): error TS1005: ',' expected.
server/areaIntelligence.ts(583,29): error TS1005: ',' expected.
server/areaIntelligence.ts(584,7): error TS1005: ',' expected.
server/areaIntelligence.ts(584,12): error TS1005: ',' expected.
server/areaIntelligence.ts(584,28): error TS1005: ',' expected.
server/areaIntelligence.ts(584,30): error TS1005: ',' expected.
server/areaIntelligence.ts(584,33): error TS1005: ',' expected.
server/areaIntelligence.ts(585,7): error TS1005: ',' expected.
server/areaIntelligence.ts(585,12): error TS1005: ',' expected.
server/areaIntelligence.ts(585,21): error TS1005: ',' expected.
server/areaIntelligence.ts(585,23): error TS1005: ',' expected.
server/areaIntelligence.ts(585,26): error TS1005: ',' expected.
server/areaIntelligence.ts(585,45): error TS1005: ',' expected.
server/areaIntelligence.ts(585,49): error TS1005: ',' expected.
server/areaIntelligence.ts(586,7): error TS1005: ',' expected.
server/areaIntelligence.ts(586,12): error TS1005: ',' expected.
server/areaIntelligence.ts(586,25): error TS1005: ',' expected.
server/areaIntelligence.ts(586,28): error TS1005: ',' expected.
server/areaIntelligence.ts(586,31): error TS1005: ',' expected.
server/areaIntelligence.ts(587,17): error TS1005: ';' expected.
server/areaIntelligence.ts(588,14): error TS1005: ',' expected.
server/areaIntelligence.ts(589,90): error TS1005: ',' expected.
server/areaIntelligence.ts(590,14): error TS1109: Expression expected.
server/areaIntelligence.ts(590,15): error TS1109: Expression expected.
server/areaIntelligence.ts(590,17): error TS1005: ',' expected.
server/areaIntelligence.ts(590,30): error TS1005: ',' expected.
server/areaIntelligence.ts(590,42): error TS1005: ',' expected.
server/areaIntelligence.ts(590,43): error TS1135: Argument expression expected.
server/areaIntelligence.ts(590,48): error TS1005: ',' expected.
server/areaIntelligence.ts(591,7): error TS1005: ',' expected.
server/areaIntelligence.ts(591,12): error TS1005: ',' expected.
server/areaIntelligence.ts(591,21): error TS1005: ',' expected.
server/areaIntelligence.ts(591,27): error TS1005: ',' expected.
server/areaIntelligence.ts(591,39): error TS1005: ',' expected.
server/areaIntelligence.ts(591,45): error TS1005: ',' expected.
server/areaIntelligence.ts(591,48): error TS1005: ',' expected.
server/areaIntelligence.ts(592,17): error TS1005: ';' expected.
server/areaIntelligence.ts(593,14): error TS1005: ',' expected.
server/areaIntelligence.ts(594,90): error TS1005: ',' expected.
server/areaIntelligence.ts(595,7): error TS1005: ',' expected.
server/areaIntelligence.ts(595,12): error TS1005: ',' expected.
server/areaIntelligence.ts(595,21): error TS1005: ',' expected.
server/areaIntelligence.ts(595,27): error TS1005: ',' expected.
server/areaIntelligence.ts(595,39): error TS1005: ',' expected.
server/areaIntelligence.ts(595,45): error TS1005: ',' expected.
server/areaIntelligence.ts(595,48): error TS1005: ',' expected.
server/areaIntelligence.ts(597,5): error TS1434: Unexpected keyword or identifier.
server/areaIntelligence.ts(598,5): error TS1435: Unknown keyword or identifier. Did you mean 'from'?
server/areaIntelligence.ts(598,10): error TS1434: Unexpected keyword or identifier.
server/areaIntelligence.ts(598,19): error TS1434: Unexpected keyword or identifier.
server/areaIntelligence.ts(598,21): error TS1435: Unknown keyword or identifier. Did you mean 'let'?
server/areaIntelligence.ts(598,26): error TS1434: Unexpected keyword or identifier.
server/areaIntelligence.ts(598,31): error TS1434: Unexpected keyword or identifier.
server/areaIntelligence.ts(598,40): error TS1434: Unexpected keyword or identifier.
server/areaIntelligence.ts(603,7): error TS1434: Unexpected keyword or identifier.
server/areaIntelligence.ts(603,14): error TS1434: Unexpected keyword or identifier.
server/areaIntelligence.ts(604,19): error TS1005: ',' expected.
server/areaIntelligence.ts(604,20): error TS1135: Argument expression expected.
server/areaIntelligence.ts(604,64): error TS1005: ',' expected.
server/areaIntelligence.ts(604,65): error TS1135: Argument expression expected.
server/areaIntelligence.ts(605,42): error TS1005: ',' expected.
server/areaIntelligence.ts(605,43): error TS1135: Argument expression expected.
server/areaIntelligence.ts(605,67): error TS1005: ',' expected.
server/areaIntelligence.ts(605,68): error TS1135: Argument expression expected.
server/areaIntelligence.ts(605,92): error TS1005: ',' expected.
server/areaIntelligence.ts(605,93): error TS1135: Argument expression expected.
server/areaIntelligence.ts(606,7): error TS1434: Unexpected keyword or identifier.
server/areaIntelligence.ts(606,50): error TS1005: ';' expected.
server/areaIntelligence.ts(606,53): error TS1434: Unexpected keyword or identifier.
server/areaIntelligence.ts(617,5): error TS1435: Unknown keyword or identifier. Did you mean 'with'?
server/areaIntelligence.ts(617,10): error TS1434: Unexpected keyword or identifier.
server/areaIntelligence.ts(618,14): error TS1005: ',' expected.
server/areaIntelligence.ts(618,23): error TS1005: ',' expected.
server/areaIntelligence.ts(619,9): error TS1005: ',' expected.
server/areaIntelligence.ts(620,7): error TS1005: ',' expected.
server/areaIntelligence.ts(620,12): error TS1005: ',' expected.
server/areaIntelligence.ts(620,34): error TS1005: ',' expected.
server/areaIntelligence.ts(620,36): error TS1005: ',' expected.
server/areaIntelligence.ts(620,42): error TS1005: ',' expected.
server/areaIntelligence.ts(620,45): error TS1005: ',' expected.
server/areaIntelligence.ts(620,81): error TS1005: ',' expected.
server/areaIntelligence.ts(620,102): error TS1005: ',' expected.
server/areaIntelligence.ts(622,5): error TS1434: Unexpected keyword or identifier.
server/areaIntelligence.ts(622,17): error TS1005: ';' expected.
server/areaIntelligence.ts(624,22): error TS1005: ',' expected.
server/areaIntelligence.ts(624,35): error TS1005: ',' expected.
server/areaIntelligence.ts(624,38): error TS1005: ',' expected.
server/areaIntelligence.ts(624,42): error TS1005: ',' expected.
server/areaIntelligence.ts(624,48): error TS1005: ';' expected.
server/areaIntelligence.ts(625,5): error TS1435: Unknown keyword or identifier. Did you mean 'from'?
server/areaIntelligence.ts(625,10): error TS1434: Unexpected keyword or identifier.
server/areaIntelligence.ts(625,26): error TS1434: Unexpected keyword or identifier.
server/areaIntelligence.ts(625,28): error TS1435: Unknown keyword or identifier. Did you mean 'let'?
server/areaIntelligence.ts(625,33): error TS1434: Unexpected keyword or identifier.
server/areaIntelligence.ts(625,38): error TS1434: Unexpected keyword or identifier.
server/areaIntelligence.ts(625,45): error TS1434: Unexpected keyword or identifier.
server/areaIntelligence.ts(625,47): error TS1434: Unexpected keyword or identifier.
server/areaIntelligence.ts(626,5): error TS1434: Unexpected keyword or identifier.
server/areaIntelligence.ts(626,11): error TS1434: Unexpected keyword or identifier.
server/areaIntelligence.ts(661,7): error TS1434: Unexpected keyword or identifier.
server/areaIntelligence.ts(661,14): error TS1434: Unexpected keyword or identifier.
server/areaIntelligence.ts(663,40): error TS1005: ',' expected.
server/areaIntelligence.ts(663,41): error TS1135: Argument expression expected.
server/areaIntelligence.ts(663,51): error TS1005: ',' expected.
server/areaIntelligence.ts(663,52): error TS1135: Argument expression expected.
server/areaIntelligence.ts(666,7): error TS1434: Unexpected keyword or identifier.
server/areaIntelligence.ts(666,14): error TS1434: Unexpected keyword or identifier.
server/areaIntelligence.ts(669,7): error TS1434: Unexpected keyword or identifier.
server/areaIntelligence.ts(669,28): error TS1005: ';' expected.
server/areaIntelligence.ts(669,31): error TS1434: Unexpected keyword or identifier.
server/areaIntelligence.ts(699,7): error TS1434: Unexpected keyword or identifier.
server/areaIntelligence.ts(699,14): error TS1434: Unexpected keyword or identifier.
server/areaIntelligence.ts(699,32): error TS1435: Unknown keyword or identifier. Did you mean 'set'?
server/areaIntelligence.ts(700,39): error TS1005: ';' expected.
server/areaIntelligence.ts(700,40): error TS1128: Declaration or statement expected.
server/areaIntelligence.ts(700,41): error TS1434: Unexpected keyword or identifier.
server/areaIntelligence.ts(700,47): error TS1434: Unexpected keyword or identifier.
server/areaIntelligence.ts(716,5): error TS1434: Unexpected keyword or identifier.
server/areaIntelligence.ts(716,12): error TS1434: Unexpected keyword or identifier.
server/areaIntelligence.ts(717,5): error TS1434: Unexpected keyword or identifier.
server/areaIntelligence.ts(717,59): error TS1005: ',' expected.
server/areaIntelligence.ts(717,60): error TS1135: Argument expression expected.
server/areaIntelligence.ts(719,17): error TS1005: ';' expected.
server/areaIntelligence.ts(719,29): error TS1005: ';' expected.
server/areaIntelligence.ts(719,32): error TS1435: Unknown keyword or identifier. Did you mean 'null'?
server/areaIntelligence.ts(719,37): error TS1434: Unexpected keyword or identifier.
server/areaIntelligence.ts(719,42): error TS1435: Unknown keyword or identifier. Did you mean 'null'?
server/areaIntelligence.ts(719,47): error TS1435: Unknown keyword or identifier. Did you mean 'else'?
server/areaIntelligence.ts(719,78): error TS1005: ';' expected.
server/areaIntelligence.ts(720,5): error TS1435: Unknown keyword or identifier. Did you mean 'from'?
server/areaIntelligence.ts(720,10): error TS1434: Unexpected keyword or identifier.
server/areaIntelligence.ts(721,5): error TS1435: Unknown keyword or identifier. Did you mean 'let'?
server/areaIntelligence.ts(721,10): error TS1434: Unexpected keyword or identifier.
server/areaIntelligence.ts(721,15): error TS1434: Unexpected keyword or identifier.
server/areaIntelligence.ts(721,22): error TS1434: Unexpected keyword or identifier.
server/areaIntelligence.ts(721,24): error TS1434: Unexpected keyword or identifier.
server/areaIntelligence.ts(722,5): error TS1434: Unexpected keyword or identifier.
server/areaIntelligence.ts(723,5): error TS1434: Unexpected keyword or identifier.
server/areaIntelligence.ts(723,68): error TS1005: ';' expected.
server/areaIntelligence.ts(723,71): error TS1434: Unexpected keyword or identifier.
server/areaIntelligence.ts(726,5): error TS1435: Unknown keyword or identifier. Did you mean 'return'?
server/areaIntelligence.ts(734,5): error TS1434: Unexpected keyword or identifier.
server/areaIntelligence.ts(734,12): error TS1434: Unexpected keyword or identifier.
server/areaIntelligence.ts(735,5): error TS1434: Unexpected keyword or identifier.
server/areaIntelligence.ts(736,5): error TS1435: Unknown keyword or identifier. Did you mean 'from'?
server/areaIntelligence.ts(736,10): error TS1434: Unexpected keyword or identifier.
server/areaIntelligence.ts(737,5): error TS1434: Unexpected keyword or identifier.
server/areaIntelligence.ts(737,10): error TS1434: Unexpected keyword or identifier.
server/areaIntelligence.ts(737,18): error TS1434: Unexpected keyword or identifier.
server/areaIntelligence.ts(737,20): error TS1434: Unexpected keyword or identifier.
server/areaIntelligence.ts(738,5): error TS1434: Unexpected keyword or identifier.
server/areaIntelligence.ts(738,10): error TS1434: Unexpected keyword or identifier.
server/areaIntelligence.ts(738,26): error TS1434: Unexpected keyword or identifier.
server/areaIntelligence.ts(738,28): error TS1434: Unexpected keyword or identifier.
server/areaIntelligence.ts(739,5): error TS1434: Unexpected keyword or identifier.
server/areaIntelligence.ts(739,33): error TS1005: ';' expected.
server/areaIntelligence.ts(739,36): error TS1434: Unexpected keyword or identifier.
server/areaIntelligence.ts(742,5): error TS1435: Unknown keyword or identifier. Did you mean 'return'?
server/areaIntelligence.ts(747,5): error TS1434: Unexpected keyword or identifier.
server/areaIntelligence.ts(747,12): error TS1434: Unexpected keyword or identifier.
server/areaIntelligence.ts(748,5): error TS1434: Unexpected keyword or identifier.
server/areaIntelligence.ts(748,12): error TS1434: Unexpected keyword or identifier.
server/areaIntelligence.ts(748,30): error TS1005: ';' expected.
server/areaIntelligence.ts(749,5): error TS1435: Unknown keyword or identifier. Did you mean 'from'?
server/areaIntelligence.ts(749,10): error TS1434: Unexpected keyword or identifier.
server/areaIntelligence.ts(750,5): error TS1434: Unexpected keyword or identifier.
server/areaIntelligence.ts(750,10): error TS1434: Unexpected keyword or identifier.
server/areaIntelligence.ts(750,18): error TS1434: Unexpected keyword or identifier.
server/areaIntelligence.ts(750,20): error TS1434: Unexpected keyword or identifier.
server/areaIntelligence.ts(750,40): error TS1005: ';' expected.
server/areaIntelligence.ts(750,51): error TS1005: ';' expected.
server/areaIntelligence.ts(750,54): error TS1434: Unexpected keyword or identifier.
server/areaIntelligence.ts(751,5): error TS1434: Unexpected keyword or identifier.
server/areaIntelligence.ts(751,10): error TS1434: Unexpected keyword or identifier.
server/areaIntelligence.ts(751,26): error TS1434: Unexpected keyword or identifier.
server/areaIntelligence.ts(751,28): error TS1434: Unexpected keyword or identifier.
server/areaIntelligence.ts(751,38): error TS1005: ';' expected.
server/areaIntelligence.ts(751,41): error TS1434: Unexpected keyword or identifier.
server/areaIntelligence.ts(751,45): error TS1435: Unknown keyword or identifier. Did you mean 'null'?
server/areaIntelligence.ts(751,50): error TS1434: Unexpected keyword or identifier.
server/areaIntelligence.ts(752,5): error TS1435: Unknown keyword or identifier. Did you mean 'let'?
server/areaIntelligence.ts(752,10): error TS1434: Unexpected keyword or identifier.
server/areaIntelligence.ts(752,15): error TS1434: Unexpected keyword or identifier.
server/areaIntelligence.ts(752,36): error TS1434: Unexpected keyword or identifier.
server/areaIntelligence.ts(752,38): error TS1434: Unexpected keyword or identifier.
server/areaIntelligence.ts(753,5): error TS1434: Unexpected keyword or identifier.
server/areaIntelligence.ts(753,28): error TS1005: ';' expected.
server/areaIntelligence.ts(754,5): error TS1434: Unexpected keyword or identifier.
server/areaIntelligence.ts(754,11): error TS1434: Unexpected keyword or identifier.
server/areaIntelligence.ts(755,5): error TS1434: Unexpected keyword or identifier.
server/areaIntelligence.ts(755,33): error TS1005: ';' expected.
server/areaIntelligence.ts(756,5): error TS1435: Unknown keyword or identifier. Did you mean 'return'?
server/areaIntelligence.ts(761,5): error TS1435: Unknown keyword or identifier. Did you mean 'with'?
server/areaIntelligence.ts(761,10): error TS1434: Unexpected keyword or identifier.
server/areaIntelligence.ts(762,14): error TS1005: ',' expected.
server/areaIntelligence.ts(762,44): error TS1005: ',' expected.
server/areaIntelligence.ts(763,19): error TS1005: ',' expected.
server/areaIntelligence.ts(763,24): error TS1005: ',' expected.
server/areaIntelligence.ts(763,31): error TS1005: ',' expected.
server/areaIntelligence.ts(763,34): error TS1005: ',' expected.
server/areaIntelligence.ts(763,38): error TS1005: ',' expected.
server/areaIntelligence.ts(763,43): error TS1005: ',' expected.
server/areaIntelligence.ts(763,48): error TS1005: ',' expected.
server/areaIntelligence.ts(763,65): error TS1005: ',' expected.
server/areaIntelligence.ts(763,70): error TS1005: ',' expected.
server/areaIntelligence.ts(763,92): error TS1005: ',' expected.
server/areaIntelligence.ts(763,96): error TS1005: ',' expected.
server/areaIntelligence.ts(764,7): error TS1005: ',' expected.
server/areaIntelligence.ts(764,12): error TS1005: ',' expected.
server/areaIntelligence.ts(764,21): error TS1005: ',' expected.
server/areaIntelligence.ts(765,7): error TS1005: ',' expected.
server/areaIntelligence.ts(765,12): error TS1005: ',' expected.
server/areaIntelligence.ts(765,17): error TS1005: ',' expected.
server/areaIntelligence.ts(765,27): error TS1005: ',' expected.
server/areaIntelligence.ts(765,29): error TS1005: ',' expected.
server/areaIntelligence.ts(765,32): error TS1005: ',' expected.
server/areaIntelligence.ts(766,7): error TS1005: ',' expected.
server/areaIntelligence.ts(766,12): error TS1005: ',' expected.
server/areaIntelligence.ts(766,17): error TS1005: ',' expected.
server/areaIntelligence.ts(766,28): error TS1005: ',' expected.
server/areaIntelligence.ts(766,31): error TS1005: ',' expected.
server/areaIntelligence.ts(766,34): error TS1005: ',' expected.
server/areaIntelligence.ts(767,7): error TS1005: ',' expected.
server/areaIntelligence.ts(767,12): error TS1005: ',' expected.
server/areaIntelligence.ts(767,17): error TS1005: ',' expected.
server/areaIntelligence.ts(767,27): error TS1005: ',' expected.
server/areaIntelligence.ts(767,30): error TS1005: ',' expected.
server/areaIntelligence.ts(767,33): error TS1005: ',' expected.
server/areaIntelligence.ts(768,7): error TS1005: ',' expected.
server/areaIntelligence.ts(768,13): error TS1005: ',' expected.
server/areaIntelligence.ts(768,38): error TS1005: ',' expected.
server/areaIntelligence.ts(768,41): error TS1005: ',' expected.
server/areaIntelligence.ts(768,45): error TS1005: ',' expected.
server/areaIntelligence.ts(770,5): error TS1434: Unexpected keyword or identifier.
server/areaIntelligence.ts(770,12): error TS1434: Unexpected keyword or identifier.
server/areaIntelligence.ts(771,5): error TS1434: Unexpected keyword or identifier.
server/areaIntelligence.ts(771,12): error TS1434: Unexpected keyword or identifier.
server/areaIntelligence.ts(771,31): error TS1005: ';' expected.
server/areaIntelligence.ts(772,12): error TS1005: ';' expected.
server/areaIntelligence.ts(772,44): error TS1005: ';' expected.
server/areaIntelligence.ts(772,53): error TS1005: ';' expected.
server/areaIntelligence.ts(772,62): error TS1005: ';' expected.
server/areaIntelligence.ts(773,5): error TS1435: Unknown keyword or identifier. Did you mean 'from'?
server/areaIntelligence.ts(773,10): error TS1434: Unexpected keyword or identifier.
server/areaIntelligence.ts(774,5): error TS1434: Unexpected keyword or identifier.
server/areaIntelligence.ts(774,10): error TS1434: Unexpected keyword or identifier.
server/areaIntelligence.ts(774,26): error TS1434: Unexpected keyword or identifier.
server/areaIntelligence.ts(774,28): error TS1434: Unexpected keyword or identifier.
server/areaIntelligence.ts(774,38): error TS1005: ';' expected.
server/areaIntelligence.ts(774,41): error TS1434: Unexpected keyword or identifier.
server/areaIntelligence.ts(774,45): error TS1435: Unknown keyword or identifier. Did you mean 'null'?
server/areaIntelligence.ts(774,50): error TS1434: Unexpected keyword or identifier.
server/areaIntelligence.ts(775,5): error TS1434: Unexpected keyword or identifier.
server/areaIntelligence.ts(775,11): error TS1434: Unexpected keyword or identifier.
server/areaIntelligence.ts(776,5): error TS1434: Unexpected keyword or identifier.
server/areaIntelligence.ts(776,29): error TS1005: ';' expected.
server/areaIntelligence.ts(776,32): error TS1434: Unexpected keyword or identifier.
server/areaIntelligence.ts(779,5): error TS1435: Unknown keyword or identifier. Did you mean 'return'?
server/areaIntelligence.ts(784,5): error TS1434: Unexpected keyword or identifier.
server/areaIntelligence.ts(784,12): error TS1434: Unexpected keyword or identifier.
server/areaIntelligence.ts(785,5): error TS1434: Unexpected keyword or identifier.
server/areaIntelligence.ts(786,12): error TS1005: ';' expected.
server/areaIntelligence.ts(786,31): error TS1005: ',' expected.
server/areaIntelligence.ts(786,32): error TS1135: Argument expression expected.
server/areaIntelligence.ts(787,9): error TS1434: Unexpected keyword or identifier.
server/areaIntelligence.ts(787,52): error TS1005: ',' expected.
server/areaIntelligence.ts(787,53): error TS1135: Argument expression expected.
server/areaIntelligence.ts(787,79): error TS1005: ',' expected.
server/areaIntelligence.ts(787,80): error TS1135: Argument expression expected.
server/areaIntelligence.ts(787,92): error TS1005: ';' expected.
server/areaIntelligence.ts(789,5): error TS1435: Unknown keyword or identifier. Did you mean 'from'?
server/areaIntelligence.ts(789,10): error TS1434: Unexpected keyword or identifier.
server/areaIntelligence.ts(790,5): error TS1434: Unexpected keyword or identifier.
server/areaIntelligence.ts(790,10): error TS1434: Unexpected keyword or identifier.
server/areaIntelligence.ts(790,26): error TS1434: Unexpected keyword or identifier.
server/areaIntelligence.ts(790,28): error TS1434: Unexpected keyword or identifier.
server/areaIntelligence.ts(790,38): error TS1005: ';' expected.
server/areaIntelligence.ts(790,41): error TS1434: Unexpected keyword or identifier.
server/areaIntelligence.ts(790,45): error TS1435: Unknown keyword or identifier. Did you mean 'null'?
server/areaIntelligence.ts(790,50): error TS1434: Unexpected keyword or identifier.
server/areaIntelligence.ts(790,61): error TS1005: ';' expected.
server/areaIntelligence.ts(790,64): error TS1434: Unexpected keyword or identifier.
server/areaIntelligence.ts(790,68): error TS1435: Unknown keyword or identifier. Did you mean 'null'?
server/areaIntelligence.ts(790,73): error TS1434: Unexpected keyword or identifier.
server/areaIntelligence.ts(791,5): error TS1434: Unexpected keyword or identifier.
server/areaIntelligence.ts(791,37): error TS1005: ';' expected.
server/areaIntelligence.ts(791,40): error TS1434: Unexpected keyword or identifier.
server/areaIntelligence.ts(791,47): error TS1435: Unknown keyword or identifier. Did you mean 'set'?
server/areaIntelligence.ts(792,5): error TS1435: Unknown keyword or identifier. Did you mean 'return'?
server/areaIntelligence.ts(797,5): error TS1434: Unexpected keyword or identifier.
server/areaIntelligence.ts(797,12): error TS1434: Unexpected keyword or identifier.
server/areaIntelligence.ts(798,5): error TS1434: Unexpected keyword or identifier.
server/areaIntelligence.ts(798,40): error TS1005: ',' expected.
server/areaIntelligence.ts(798,41): error TS1135: Argument expression expected.
server/areaIntelligence.ts(798,58): error TS1005: ',' expected.
server/areaIntelligence.ts(798,59): error TS1135: Argument expression expected.
server/areaIntelligence.ts(799,5): error TS1435: Unknown keyword or identifier. Did you mean 'from'?
server/areaIntelligence.ts(799,10): error TS1434: Unexpected keyword or identifier.
server/areaIntelligence.ts(800,5): error TS1434: Unexpected keyword or identifier.
server/areaIntelligence.ts(800,10): error TS1434: Unexpected keyword or identifier.
server/areaIntelligence.ts(800,26): error TS1434: Unexpected keyword or identifier.
server/areaIntelligence.ts(800,28): error TS1434: Unexpected keyword or identifier.
server/areaIntelligence.ts(800,38): error TS1005: ';' expected.
server/areaIntelligence.ts(800,41): error TS1434: Unexpected keyword or identifier.
server/areaIntelligence.ts(800,45): error TS1435: Unknown keyword or identifier. Did you mean 'null'?
server/areaIntelligence.ts(800,50): error TS1434: Unexpected keyword or identifier.
server/areaIntelligence.ts(800,61): error TS1005: ';' expected.
server/areaIntelligence.ts(800,64): error TS1434: Unexpected keyword or identifier.
server/areaIntelligence.ts(801,7): error TS1434: Unexpected keyword or identifier.
server/areaIntelligence.ts(801,28): error TS1005: ',' expected.
server/areaIntelligence.ts(801,29): error TS1135: Argument expression expected.
server/areaIntelligence.ts(801,46): error TS1005: ',' expected.
server/areaIntelligence.ts(801,47): error TS1135: Argument expression expected.
server/areaIntelligence.ts(802,5): error TS1434: Unexpected keyword or identifier.
server/areaIntelligence.ts(802,37): error TS1005: ';' expected.
server/areaIntelligence.ts(802,40): error TS1434: Unexpected keyword or identifier.
server/areaIntelligence.ts(802,47): error TS1435: Unknown keyword or identifier. Did you mean 'set'?
server/areaIntelligence.ts(803,5): error TS1435: Unknown keyword or identifier. Did you mean 'return'?
server/areaIntelligence.ts(811,5): error TS1434: Unexpected keyword or identifier.
server/areaIntelligence.ts(811,12): error TS1434: Unexpected keyword or identifier.
server/areaIntelligence.ts(812,5): error TS1434: Unexpected keyword or identifier.
server/areaIntelligence.ts(813,5): error TS1434: Unexpected keyword or identifier.
server/areaIntelligence.ts(813,48): error TS1005: ';' expected.
server/areaIntelligence.ts(813,51): error TS1434: Unexpected keyword or identifier.
server/areaIntelligence.ts(816,5): error TS1435: Unknown keyword or identifier. Did you mean 'return'?
server/areaIntelligence.ts(825,5): error TS1434: Unexpected keyword or identifier.
server/areaIntelligence.ts(825,31): error TS1005: ';' expected.
server/areaIntelligence.ts(825,32): error TS1128: Declaration or statement expected.
server/areaIntelligence.ts(825,68): error TS1109: Expression expected.
server/areaIntelligence.ts(825,69): error TS1109: Expression expected.
server/areaIntelligence.ts(825,70): error TS1005: ';' expected.
server/areaIntelligence.ts(825,71): error TS1128: Declaration or statement expected.
server/areaIntelligence.ts(825,86): error TS1109: Expression expected.
server/areaIntelligence.ts(825,87): error TS1109: Expression expected.
server/areaIntelligence.ts(825,88): error TS1005: ';' expected.
server/areaIntelligence.ts(825,89): error TS1128: Declaration or statement expected.
server/areaIntelligence.ts(826,21): error TS1109: Expression expected.
server/areaIntelligence.ts(826,22): error TS1109: Expression expected.
server/areaIntelligence.ts(826,23): error TS1005: ',' expected.
server/areaIntelligence.ts(826,24): error TS1135: Argument expression expected.
server/areaIntelligence.ts(827,5): error TS1435: Unknown keyword or identifier. Did you mean 'from'?
server/areaIntelligence.ts(827,10): error TS1434: Unexpected keyword or identifier.
server/areaIntelligence.ts(827,31): error TS1434: Unexpected keyword or identifier.
server/areaIntelligence.ts(827,33): error TS1434: Unexpected keyword or identifier.
server/areaIntelligence.ts(827,38): error TS1434: Unexpected keyword or identifier.
server/areaIntelligence.ts(827,51): error TS1434: Unexpected keyword or identifier.
server/areaIntelligence.ts(827,53): error TS1434: Unexpected keyword or identifier.
server/areaIntelligence.ts(828,5): error TS1434: Unexpected keyword or identifier.
server/areaIntelligence.ts(828,46): error TS1005: ';' expected.
server/areaIntelligence.ts(829,5): error TS1434: Unexpected keyword or identifier.
server/areaIntelligence.ts(829,11): error TS1434: Unexpected keyword or identifier.
server/areaIntelligence.ts(833,5): error TS1434: Unexpected keyword or identifier.
server/areaIntelligence.ts(833,31): error TS1005: ';' expected.
server/areaIntelligence.ts(833,32): error TS1128: Declaration or statement expected.
server/areaIntelligence.ts(834,27): error TS1005: ';' expected.
server/areaIntelligence.ts(834,46): error TS1005: ',' expected.
server/areaIntelligence.ts(834,49): error TS1005: ',' expected.
server/areaIntelligence.ts(834,65): error TS1109: Expression expected.
server/areaIntelligence.ts(834,66): error TS1109: Expression expected.
server/areaIntelligence.ts(834,67): error TS1005: ';' expected.
server/areaIntelligence.ts(834,68): error TS1128: Declaration or statement expected.
server/areaIntelligence.ts(835,21): error TS1109: Expression expected.
server/areaIntelligence.ts(835,22): error TS1109: Expression expected.
server/areaIntelligence.ts(835,23): error TS1005: ',' expected.
server/areaIntelligence.ts(835,24): error TS1135: Argument expression expected.
server/areaIntelligence.ts(836,5): error TS1435: Unknown keyword or identifier. Did you mean 'from'?
server/areaIntelligence.ts(836,10): error TS1434: Unexpected keyword or identifier.
server/areaIntelligence.ts(836,31): error TS1434: Unexpected keyword or identifier.
server/areaIntelligence.ts(836,33): error TS1434: Unexpected keyword or identifier.
server/areaIntelligence.ts(836,38): error TS1434: Unexpected keyword or identifier.
server/areaIntelligence.ts(836,51): error TS1434: Unexpected keyword or identifier.
server/areaIntelligence.ts(836,53): error TS1434: Unexpected keyword or identifier.
server/areaIntelligence.ts(837,5): error TS1434: Unexpected keyword or identifier.
server/areaIntelligence.ts(837,46): error TS1005: ';' expected.
server/areaIntelligence.ts(837,58): error TS1005: ';' expected.
server/areaIntelligence.ts(838,5): error TS1434: Unexpected keyword or identifier.
server/areaIntelligence.ts(838,11): error TS1434: Unexpected keyword or identifier.
server/areaIntelligence.ts(842,5): error TS1435: Unknown keyword or identifier. Did you mean 'with'?
server/areaIntelligence.ts(842,10): error TS1434: Unexpected keyword or identifier.
server/areaIntelligence.ts(843,14): error TS1005: ',' expected.
server/areaIntelligence.ts(844,28): error TS1005: ',' expected.
server/areaIntelligence.ts(844,35): error TS1005: ',' expected.
server/areaIntelligence.ts(844,47): error TS1005: ',' expected.
server/areaIntelligence.ts(844,50): error TS1005: ',' expected.
server/areaIntelligence.ts(844,60): error TS1005: ',' expected.
server/areaIntelligence.ts(844,73): error TS1005: ',' expected.
server/areaIntelligence.ts(844,108): error TS1005: ',' expected.
server/areaIntelligence.ts(844,121): error TS1005: ',' expected.
server/areaIntelligence.ts(845,28): error TS1005: ',' expected.
server/areaIntelligence.ts(845,35): error TS1005: ',' expected.
server/areaIntelligence.ts(845,47): error TS1005: ',' expected.
server/areaIntelligence.ts(845,50): error TS1005: ',' expected.
server/areaIntelligence.ts(845,60): error TS1005: ',' expected.
server/areaIntelligence.ts(845,73): error TS1005: ',' expected.
server/areaIntelligence.ts(845,108): error TS1005: ',' expected.
server/areaIntelligence.ts(845,120): error TS1005: ',' expected.
server/areaIntelligence.ts(845,124): error TS1005: ',' expected.
server/areaIntelligence.ts(845,158): error TS1005: ',' expected.
server/areaIntelligence.ts(845,171): error TS1005: ',' expected.
server/areaIntelligence.ts(846,14): error TS1109: Expression expected.
server/areaIntelligence.ts(846,15): error TS1109: Expression expected.
server/areaIntelligence.ts(846,17): error TS1005: ',' expected.
server/areaIntelligence.ts(846,30): error TS1005: ',' expected.
server/areaIntelligence.ts(846,65): error TS1005: ',' expected.
server/areaIntelligence.ts(846,77): error TS1005: ',' expected.
server/areaIntelligence.ts(846,78): error TS1135: Argument expression expected.
server/areaIntelligence.ts(846,83): error TS1005: ',' expected.
server/areaIntelligence.ts(847,7): error TS1005: ',' expected.
server/areaIntelligence.ts(847,12): error TS1005: ',' expected.
server/areaIntelligence.ts(847,33): error TS1005: ',' expected.
server/areaIntelligence.ts(847,35): error TS1005: ',' expected.
server/areaIntelligence.ts(847,40): error TS1005: ',' expected.
server/areaIntelligence.ts(847,53): error TS1005: ',' expected.
server/areaIntelligence.ts(847,55): error TS1005: ',' expected.
server/areaIntelligence.ts(847,58): error TS1005: ',' expected.
server/areaIntelligence.ts(848,7): error TS1005: ',' expected.
server/areaIntelligence.ts(848,13): error TS1005: ',' expected.
server/areaIntelligence.ts(848,24): error TS1005: ',' expected.
server/areaIntelligence.ts(848,28): error TS1005: ',' expected.
server/areaIntelligence.ts(848,63): error TS1005: ',' expected.
server/areaIntelligence.ts(849,7): error TS1005: ',' expected.
server/areaIntelligence.ts(849,13): error TS1005: ',' expected.
server/areaIntelligence.ts(849,16): error TS1005: ',' expected.
server/areaIntelligence.ts(851,5): error TS1434: Unexpected keyword or identifier.
server/areaIntelligence.ts(851,29): error TS1005: ';' expected.
server/areaIntelligence.ts(851,30): error TS1128: Declaration or statement expected.
server/areaIntelligence.ts(852,12): error TS1005: ';' expected.
server/areaIntelligence.ts(852,22): error TS1005: ';' expected.
server/areaIntelligence.ts(852,41): error TS1005: ';' expected.
server/areaIntelligence.ts(852,56): error TS1005: ',' expected.
server/areaIntelligence.ts(852,57): error TS1135: Argument expression expected.
server/areaIntelligence.ts(854,5): error TS1435: Unknown keyword or identifier. Did you mean 'from'?
server/areaIntelligence.ts(854,10): error TS1434: Unexpected keyword or identifier.
server/areaIntelligence.ts(854,12): error TS1434: Unexpected keyword or identifier.
server/areaIntelligence.ts(854,18): error TS1434: Unexpected keyword or identifier.
server/areaIntelligence.ts(854,21): error TS1434: Unexpected keyword or identifier.
server/areaIntelligence.ts(854,24): error TS1434: Unexpected keyword or identifier.
server/areaIntelligence.ts(854,28): error TS1435: Unknown keyword or identifier. Did you mean 'null'?
server/areaIntelligence.ts(854,33): error TS1434: Unexpected keyword or identifier.
server/areaIntelligence.ts(854,37): error TS1434: Unexpected keyword or identifier.
server/areaIntelligence.ts(854,40): error TS1434: Unexpected keyword or identifier.
server/areaIntelligence.ts(854,43): error TS1434: Unexpected keyword or identifier.
server/areaIntelligence.ts(858,5): error TS1435: Unknown keyword or identifier. Did you mean 'with'?
server/areaIntelligence.ts(858,10): error TS1434: Unexpected keyword or identifier.
server/areaIntelligence.ts(859,14): error TS1005: ',' expected.
server/areaIntelligence.ts(860,80): error TS1005: ',' expected.
server/areaIntelligence.ts(861,81): error TS1005: ',' expected.
server/areaIntelligence.ts(862,15): error TS1109: Expression expected.
server/areaIntelligence.ts(862,16): error TS1109: Expression expected.
server/areaIntelligence.ts(862,17): error TS1005: ',' expected.
server/areaIntelligence.ts(862,18): error TS1135: Argument expression expected.
server/areaIntelligence.ts(862,23): error TS1005: ',' expected.
server/areaIntelligence.ts(863,7): error TS1005: ',' expected.
server/areaIntelligence.ts(863,12): error TS1005: ',' expected.
server/areaIntelligence.ts(863,29): error TS1005: ',' expected.
server/areaIntelligence.ts(863,31): error TS1005: ',' expected.
server/areaIntelligence.ts(863,36): error TS1005: ',' expected.
server/areaIntelligence.ts(863,53): error TS1005: ',' expected.
server/areaIntelligence.ts(863,55): error TS1005: ',' expected.
server/areaIntelligence.ts(863,58): error TS1005: ',' expected.
server/areaIntelligence.ts(863,76): error TS1005: ',' expected.
server/areaIntelligence.ts(863,82): error TS1005: ',' expected.
server/areaIntelligence.ts(863,85): error TS1005: ',' expected.
server/areaIntelligence.ts(865,5): error TS1434: Unexpected keyword or identifier.
server/areaIntelligence.ts(865,29): error TS1005: ';' expected.
server/areaIntelligence.ts(865,30): error TS1128: Declaration or statement expected.
server/areaIntelligence.ts(866,12): error TS1005: ';' expected.
server/areaIntelligence.ts(866,28): error TS1005: ';' expected.
server/areaIntelligence.ts(866,50): error TS1005: ';' expected.
server/areaIntelligence.ts(867,12): error TS1005: ';' expected.
server/areaIntelligence.ts(867,22): error TS1005: ';' expected.
server/areaIntelligence.ts(867,30): error TS1005: ';' expected.
server/areaIntelligence.ts(867,40): error TS1005: ';' expected.
server/areaIntelligence.ts(867,48): error TS1005: ';' expected.
server/areaIntelligence.ts(867,56): error TS1005: ';' expected.
server/areaIntelligence.ts(869,5): error TS1435: Unknown keyword or identifier. Did you mean 'from'?
server/areaIntelligence.ts(869,10): error TS1434: Unexpected keyword or identifier.
server/areaIntelligence.ts(869,12): error TS1434: Unexpected keyword or identifier.
server/areaIntelligence.ts(873,5): error TS1435: Unknown keyword or identifier. Did you mean 'with'?
server/areaIntelligence.ts(873,10): error TS1434: Unexpected keyword or identifier.
server/areaIntelligence.ts(874,14): error TS1005: ',' expected.
server/areaIntelligence.ts(874,19): error TS1005: ',' expected.
server/areaIntelligence.ts(875,26): error TS1005: ',' expected.
server/areaIntelligence.ts(875,39): error TS1005: ',' expected.
server/areaIntelligence.ts(875,59): error TS1005: ',' expected.
server/areaIntelligence.ts(876,26): error TS1005: ',' expected.
server/areaIntelligence.ts(876,39): error TS1005: ',' expected.
server/areaIntelligence.ts(876,59): error TS1005: ',' expected.
server/areaIntelligence.ts(877,7): error TS1005: ',' expected.
server/areaIntelligence.ts(877,12): error TS1005: ',' expected.
server/areaIntelligence.ts(877,28): error TS1005: ',' expected.
server/areaIntelligence.ts(878,7): error TS1005: ',' expected.
server/areaIntelligence.ts(878,12): error TS1005: ',' expected.
server/areaIntelligence.ts(878,34): error TS1005: ',' expected.
server/areaIntelligence.ts(878,36): error TS1005: ',' expected.
server/areaIntelligence.ts(878,39): error TS1005: ',' expected.
server/areaIntelligence.ts(879,7): error TS1005: ',' expected.
server/areaIntelligence.ts(879,13): error TS1005: ',' expected.
server/areaIntelligence.ts(879,16): error TS1005: ',' expected.
server/areaIntelligence.ts(881,5): error TS1434: Unexpected keyword or identifier.
server/areaIntelligence.ts(881,29): error TS1005: ';' expected.
server/areaIntelligence.ts(881,30): error TS1128: Declaration or statement expected.
server/areaIntelligence.ts(882,12): error TS1005: ';' expected.
server/areaIntelligence.ts(882,23): error TS1005: ';' expected.
server/areaIntelligence.ts(882,36): error TS1005: ')' expected.
server/areaIntelligence.ts(882,37): error TS1128: Declaration or statement expected.
server/areaIntelligence.ts(882,51): error TS1005: ';' expected.
server/areaIntelligence.ts(884,5): error TS1435: Unknown keyword or identifier. Did you mean 'from'?
server/areaIntelligence.ts(884,10): error TS1434: Unexpected keyword or identifier.
server/areaIntelligence.ts(884,12): error TS1434: Unexpected keyword or identifier.
server/areaIntelligence.ts(884,24): error TS1005: ';' expected.
server/areaIntelligence.ts(884,28): error TS1434: Unexpected keyword or identifier.
server/areaIntelligence.ts(884,32): error TS1434: Unexpected keyword or identifier.
server/areaIntelligence.ts(884,35): error TS1434: Unexpected keyword or identifier.
server/areaIntelligence.ts(888,5): error TS1434: Unexpected keyword or identifier.
server/areaIntelligence.ts(888,29): error TS1005: ';' expected.
server/areaIntelligence.ts(888,30): error TS1128: Declaration or statement expected.
server/areaIntelligence.ts(889,16): error TS1005: ',' expected.
server/areaIntelligence.ts(889,21): error TS1005: ',' expected.
server/areaIntelligence.ts(889,37): error TS1005: ',' expected.
server/areaIntelligence.ts(889,42): error TS1005: ',' expected.
server/areaIntelligence.ts(889,46): error TS1005: ',' expected.
server/areaIntelligence.ts(889,51): error TS1005: ',' expected.
server/areaIntelligence.ts(889,68): error TS1005: ',' expected.
server/areaIntelligence.ts(889,73): error TS1005: ',' expected.
server/areaIntelligence.ts(889,76): error TS1005: ',' expected.
server/areaIntelligence.ts(889,81): error TS1005: ',' expected.
server/areaIntelligence.ts(889,98): error TS1005: ',' expected.
server/areaIntelligence.ts(889,103): error TS1005: ',' expected.
server/areaIntelligence.ts(889,106): error TS1005: ',' expected.
server/areaIntelligence.ts(889,111): error TS1005: ',' expected.
server/areaIntelligence.ts(889,114): error TS1005: ',' expected.
server/areaIntelligence.ts(890,13): error TS1109: Expression expected.
server/areaIntelligence.ts(890,14): error TS1109: Expression expected.
server/areaIntelligence.ts(890,15): error TS1005: ';' expected.
server/areaIntelligence.ts(890,16): error TS1128: Declaration or statement expected.
server/areaIntelligence.ts(891,5): error TS1435: Unknown keyword or identifier. Did you mean 'from'?
server/areaIntelligence.ts(891,10): error TS1434: Unexpected keyword or identifier.
server/areaIntelligence.ts(891,34): error TS1434: Unexpected keyword or identifier.
server/areaIntelligence.ts(891,40): error TS1434: Unexpected keyword or identifier.
server/areaIntelligence.ts(896,5): error TS1435: Unknown keyword or identifier. Did you mean 'with'?
server/areaIntelligence.ts(896,10): error TS1434: Unexpected keyword or identifier.
server/areaIntelligence.ts(897,14): error TS1005: ',' expected.
server/areaIntelligence.ts(897,23): error TS1005: ',' expected.
server/areaIntelligence.ts(897,37): error TS1005: ',' expected.
server/areaIntelligence.ts(898,7): error TS1005: ',' expected.
server/areaIntelligence.ts(898,12): error TS1005: ',' expected.
server/areaIntelligence.ts(898,31): error TS1005: ',' expected.
server/areaIntelligence.ts(898,37): error TS1005: ',' expected.
server/areaIntelligence.ts(899,7): error TS1005: ',' expected.
server/areaIntelligence.ts(899,13): error TS1005: ',' expected.
server/areaIntelligence.ts(899,16): error TS1005: ',' expected.
server/areaIntelligence.ts(899,40): error TS1005: ',' expected.
server/areaIntelligence.ts(900,17): error TS1005: ';' expected.
server/areaIntelligence.ts(901,14): error TS1005: ',' expected.
server/areaIntelligence.ts(903,9): error TS1005: ',' expected.
server/areaIntelligence.ts(903,14): error TS1005: ',' expected.
server/areaIntelligence.ts(903,42): error TS1005: ',' expected.
server/areaIntelligence.ts(903,43): error TS1135: Argument expression expected.
server/areaIntelligence.ts(903,52): error TS1005: ',' expected.
server/areaIntelligence.ts(903,57): error TS1005: ',' expected.
server/areaIntelligence.ts(904,9): error TS1005: ',' expected.
server/areaIntelligence.ts(904,14): error TS1005: ',' expected.
server/areaIntelligence.ts(904,42): error TS1005: ',' expected.
server/areaIntelligence.ts(904,43): error TS1135: Argument expression expected.
server/areaIntelligence.ts(904,53): error TS1005: ',' expected.
server/areaIntelligence.ts(904,58): error TS1005: ',' expected.
server/areaIntelligence.ts(905,9): error TS1005: ',' expected.
server/areaIntelligence.ts(905,14): error TS1005: ',' expected.
server/areaIntelligence.ts(905,42): error TS1005: ',' expected.
server/areaIntelligence.ts(905,43): error TS1135: Argument expression expected.
server/areaIntelligence.ts(905,53): error TS1005: ',' expected.
server/areaIntelligence.ts(905,58): error TS1005: ',' expected.
server/areaIntelligence.ts(906,9): error TS1005: ',' expected.
server/areaIntelligence.ts(906,14): error TS1005: ',' expected.
server/areaIntelligence.ts(906,42): error TS1005: ',' expected.
server/areaIntelligence.ts(906,43): error TS1135: Argument expression expected.
server/areaIntelligence.ts(906,53): error TS1005: ',' expected.
server/areaIntelligence.ts(906,58): error TS1005: ',' expected.
server/areaIntelligence.ts(906,61): error TS1005: ',' expected.
server/areaIntelligence.ts(906,66): error TS1005: ',' expected.
server/areaIntelligence.ts(906,68): error TS1005: ',' expected.
server/areaIntelligence.ts(906,72): error TS1005: ',' expected.
server/areaIntelligence.ts(907,75): error TS1005: ',' expected.
server/areaIntelligence.ts(908,7): error TS1005: ',' expected.
server/areaIntelligence.ts(908,12): error TS1005: ',' expected.
server/areaIntelligence.ts(908,29): error TS1005: ',' expected.
server/areaIntelligence.ts(909,7): error TS1005: ',' expected.
server/areaIntelligence.ts(909,12): error TS1005: ',' expected.
server/areaIntelligence.ts(909,28): error TS1005: ',' expected.
server/areaIntelligence.ts(909,30): error TS1005: ',' expected.
server/areaIntelligence.ts(909,33): error TS1005: ',' expected.
server/areaIntelligence.ts(910,7): error TS1005: ',' expected.
server/areaIntelligence.ts(910,12): error TS1005: ',' expected.
server/areaIntelligence.ts(910,21): error TS1005: ',' expected.
server/areaIntelligence.ts(910,23): error TS1005: ',' expected.
server/areaIntelligence.ts(910,26): error TS1005: ',' expected.
server/areaIntelligence.ts(910,45): error TS1005: ',' expected.
server/areaIntelligence.ts(910,49): error TS1005: ',' expected.
server/areaIntelligence.ts(911,7): error TS1005: ',' expected.
server/areaIntelligence.ts(911,12): error TS1005: ',' expected.
server/areaIntelligence.ts(911,25): error TS1005: ',' expected.
server/areaIntelligence.ts(911,28): error TS1005: ',' expected.
server/areaIntelligence.ts(911,31): error TS1005: ',' expected.
server/areaIntelligence.ts(912,17): error TS1005: ';' expected.
server/areaIntelligence.ts(913,14): error TS1005: ',' expected.
server/areaIntelligence.ts(914,90): error TS1005: ',' expected.
server/areaIntelligence.ts(915,14): error TS1109: Expression expected.
server/areaIntelligence.ts(915,15): error TS1109: Expression expected.
server/areaIntelligence.ts(915,17): error TS1005: ',' expected.
server/areaIntelligence.ts(915,30): error TS1005: ',' expected.
server/areaIntelligence.ts(915,42): error TS1005: ',' expected.
server/areaIntelligence.ts(915,43): error TS1135: Argument expression expected.
server/areaIntelligence.ts(915,48): error TS1005: ',' expected.
server/areaIntelligence.ts(916,7): error TS1005: ',' expected.
server/areaIntelligence.ts(916,12): error TS1005: ',' expected.
server/areaIntelligence.ts(916,21): error TS1005: ',' expected.
server/areaIntelligence.ts(916,27): error TS1005: ',' expected.
server/areaIntelligence.ts(916,39): error TS1005: ',' expected.
server/areaIntelligence.ts(916,45): error TS1005: ',' expected.
server/areaIntelligence.ts(916,48): error TS1005: ',' expected.
server/areaIntelligence.ts(917,17): error TS1005: ';' expected.
server/areaIntelligence.ts(918,14): error TS1005: ',' expected.
server/areaIntelligence.ts(919,90): error TS1005: ',' expected.
server/areaIntelligence.ts(920,7): error TS1005: ',' expected.
server/areaIntelligence.ts(920,12): error TS1005: ',' expected.
server/areaIntelligence.ts(920,21): error TS1005: ',' expected.
server/areaIntelligence.ts(920,27): error TS1005: ',' expected.
server/areaIntelligence.ts(920,39): error TS1005: ',' expected.
server/areaIntelligence.ts(920,45): error TS1005: ',' expected.
server/areaIntelligence.ts(920,48): error TS1005: ',' expected.
server/areaIntelligence.ts(922,5): error TS1434: Unexpected keyword or identifier.
server/areaIntelligence.ts(923,5): error TS1435: Unknown keyword or identifier. Did you mean 'from'?
server/areaIntelligence.ts(923,10): error TS1434: Unexpected keyword or identifier.
server/areaIntelligence.ts(923,19): error TS1434: Unexpected keyword or identifier.
server/areaIntelligence.ts(923,21): error TS1435: Unknown keyword or identifier. Did you mean 'let'?
server/areaIntelligence.ts(923,26): error TS1434: Unexpected keyword or identifier.
server/areaIntelligence.ts(923,31): error TS1434: Unexpected keyword or identifier.
server/areaIntelligence.ts(923,40): error TS1434: Unexpected keyword or identifier.
server/areaIntelligence.ts(928,7): error TS1434: Unexpected keyword or identifier.
server/areaIntelligence.ts(928,14): error TS1434: Unexpected keyword or identifier.
server/areaIntelligence.ts(929,19): error TS1005: ',' expected.
server/areaIntelligence.ts(929,20): error TS1135: Argument expression expected.
server/areaIntelligence.ts(929,64): error TS1005: ',' expected.
server/areaIntelligence.ts(929,65): error TS1135: Argument expression expected.
server/areaIntelligence.ts(930,42): error TS1005: ',' expected.
server/areaIntelligence.ts(930,43): error TS1135: Argument expression expected.
server/areaIntelligence.ts(930,67): error TS1005: ',' expected.
server/areaIntelligence.ts(930,68): error TS1135: Argument expression expected.
server/areaIntelligence.ts(930,92): error TS1005: ',' expected.
server/areaIntelligence.ts(930,93): error TS1135: Argument expression expected.
server/areaIntelligence.ts(931,7): error TS1434: Unexpected keyword or identifier.
server/areaIntelligence.ts(931,50): error TS1005: ';' expected.
server/areaIntelligence.ts(931,53): error TS1434: Unexpected keyword or identifier.
server/areaIntelligence.ts(942,5): error TS1435: Unknown keyword or identifier. Did you mean 'with'?
server/areaIntelligence.ts(942,10): error TS1434: Unexpected keyword or identifier.
server/areaIntelligence.ts(943,14): error TS1005: ',' expected.
server/areaIntelligence.ts(943,23): error TS1005: ',' expected.
server/areaIntelligence.ts(944,9): error TS1005: ',' expected.
server/areaIntelligence.ts(945,7): error TS1005: ',' expected.
server/areaIntelligence.ts(945,12): error TS1005: ',' expected.
server/areaIntelligence.ts(945,34): error TS1005: ',' expected.
server/areaIntelligence.ts(945,36): error TS1005: ',' expected.
server/areaIntelligence.ts(945,42): error TS1005: ',' expected.
server/areaIntelligence.ts(945,45): error TS1005: ',' expected.
server/areaIntelligence.ts(945,81): error TS1005: ',' expected.
server/areaIntelligence.ts(945,102): error TS1005: ',' expected.
server/areaIntelligence.ts(947,5): error TS1434: Unexpected keyword or identifier.
server/areaIntelligence.ts(947,17): error TS1005: ';' expected.
server/areaIntelligence.ts(949,22): error TS1005: ',' expected.
server/areaIntelligence.ts(949,35): error TS1005: ',' expected.
server/areaIntelligence.ts(949,38): error TS1005: ',' expected.
server/areaIntelligence.ts(949,42): error TS1005: ',' expected.
server/areaIntelligence.ts(949,48): error TS1005: ';' expected.
server/areaIntelligence.ts(950,5): error TS1435: Unknown keyword or identifier. Did you mean 'from'?
server/areaIntelligence.ts(950,10): error TS1434: Unexpected keyword or identifier.
server/areaIntelligence.ts(950,26): error TS1434: Unexpected keyword or identifier.
server/areaIntelligence.ts(950,28): error TS1435: Unknown keyword or identifier. Did you mean 'let'?
server/areaIntelligence.ts(950,33): error TS1434: Unexpected keyword or identifier.
server/areaIntelligence.ts(950,38): error TS1434: Unexpected keyword or identifier.
server/areaIntelligence.ts(950,45): error TS1434: Unexpected keyword or identifier.
server/areaIntelligence.ts(950,47): error TS1434: Unexpected keyword or identifier.
server/areaIntelligence.ts(951,5): error TS1434: Unexpected keyword or identifier.
server/areaIntelligence.ts(951,11): error TS1434: Unexpected keyword or identifier.
server/areaIntelligence.ts(986,7): error TS1434: Unexpected keyword or identifier.
server/areaIntelligence.ts(986,14): error TS1434: Unexpected keyword or identifier.
server/areaIntelligence.ts(988,40): error TS1005: ',' expected.
server/areaIntelligence.ts(988,41): error TS1135: Argument expression expected.
server/areaIntelligence.ts(988,51): error TS1005: ',' expected.
server/areaIntelligence.ts(988,52): error TS1135: Argument expression expected.
server/areaIntelligence.ts(991,7): error TS1434: Unexpected keyword or identifier.
server/areaIntelligence.ts(991,14): error TS1434: Unexpected keyword or identifier.
server/areaIntelligence.ts(994,7): error TS1434: Unexpected keyword or identifier.
server/areaIntelligence.ts(994,28): error TS1005: ';' expected.
server/areaIntelligence.ts(994,31): error TS1434: Unexpected keyword or identifier.
server/areaIntelligence.ts(1024,7): error TS1434: Unexpected keyword or identifier.
server/areaIntelligence.ts(1024,14): error TS1434: Unexpected keyword or identifier.
server/areaIntelligence.ts(1024,32): error TS1435: Unknown keyword or identifier. Did you mean 'set'?
server/areaIntelligence.ts(1025,39): error TS1005: ';' expected.
server/areaIntelligence.ts(1025,40): error TS1128: Declaration or statement expected.
server/areaIntelligence.ts(1025,41): error TS1434: Unexpected keyword or identifier.
server/areaIntelligence.ts(1025,47): error TS1434: Unexpected keyword or identifier.
server/areaIntelligence.ts(1035,5): error TS1434: Unexpected keyword or identifier.
server/areaIntelligence.ts(1035,12): error TS1434: Unexpected keyword or identifier.
server/areaIntelligence.ts(1036,5): error TS1434: Unexpected keyword or identifier.
server/areaIntelligence.ts(1036,59): error TS1005: ',' expected.
server/areaIntelligence.ts(1036,60): error TS1135: Argument expression expected.
server/areaIntelligence.ts(1038,17): error TS1005: ';' expected.
server/areaIntelligence.ts(1038,29): error TS1005: ';' expected.
server/areaIntelligence.ts(1038,32): error TS1435: Unknown keyword or identifier. Did you mean 'null'?
server/areaIntelligence.ts(1038,37): error TS1434: Unexpected keyword or identifier.
server/areaIntelligence.ts(1038,42): error TS1435: Unknown keyword or identifier. Did you mean 'null'?
server/areaIntelligence.ts(1038,47): error TS1435: Unknown keyword or identifier. Did you mean 'else'?
server/areaIntelligence.ts(1038,78): error TS1005: ';' expected.
server/areaIntelligence.ts(1039,5): error TS1435: Unknown keyword or identifier. Did you mean 'from'?
server/areaIntelligence.ts(1039,10): error TS1434: Unexpected keyword or identifier.
server/areaIntelligence.ts(1040,5): error TS1435: Unknown keyword or identifier. Did you mean 'let'?
server/areaIntelligence.ts(1040,10): error TS1434: Unexpected keyword or identifier.
server/areaIntelligence.ts(1040,15): error TS1434: Unexpected keyword or identifier.
server/areaIntelligence.ts(1040,22): error TS1434: Unexpected keyword or identifier.
server/areaIntelligence.ts(1040,24): error TS1434: Unexpected keyword or identifier.
server/areaIntelligence.ts(1041,5): error TS1434: Unexpected keyword or identifier.
server/areaIntelligence.ts(1042,5): error TS1434: Unexpected keyword or identifier.
server/areaIntelligence.ts(1042,68): error TS1005: ';' expected.
server/areaIntelligence.ts(1042,71): error TS1434: Unexpected keyword or identifier.
server/areaIntelligence.ts(1045,5): error TS1435: Unknown keyword or identifier. Did you mean 'return'?
server/areaIntelligence.ts(1053,5): error TS1434: Unexpected keyword or identifier.
server/areaIntelligence.ts(1053,12): error TS1434: Unexpected keyword or identifier.
server/areaIntelligence.ts(1054,5): error TS1434: Unexpected keyword or identifier.
server/areaIntelligence.ts(1055,5): error TS1435: Unknown keyword or identifier. Did you mean 'from'?
server/areaIntelligence.ts(1055,10): error TS1434: Unexpected keyword or identifier.
server/areaIntelligence.ts(1056,5): error TS1434: Unexpected keyword or identifier.
server/areaIntelligence.ts(1056,10): error TS1434: Unexpected keyword or identifier.
server/areaIntelligence.ts(1056,18): error TS1434: Unexpected keyword or identifier.
server/areaIntelligence.ts(1056,20): error TS1434: Unexpected keyword or identifier.
server/areaIntelligence.ts(1057,5): error TS1434: Unexpected keyword or identifier.
server/areaIntelligence.ts(1057,10): error TS1434: Unexpected keyword or identifier.
server/areaIntelligence.ts(1057,26): error TS1434: Unexpected keyword or identifier.
server/areaIntelligence.ts(1057,28): error TS1434: Unexpected keyword or identifier.
server/areaIntelligence.ts(1058,5): error TS1434: Unexpected keyword or identifier.
server/areaIntelligence.ts(1058,33): error TS1005: ';' expected.
server/areaIntelligence.ts(1058,36): error TS1434: Unexpected keyword or identifier.
server/areaIntelligence.ts(1061,5): error TS1435: Unknown keyword or identifier. Did you mean 'return'?
server/areaIntelligence.ts(1066,5): error TS1434: Unexpected keyword or identifier.
server/areaIntelligence.ts(1066,12): error TS1434: Unexpected keyword or identifier.
server/areaIntelligence.ts(1067,5): error TS1434: Unexpected keyword or identifier.
server/areaIntelligence.ts(1067,12): error TS1434: Unexpected keyword or identifier.
server/areaIntelligence.ts(1067,30): error TS1005: ';' expected.
server/areaIntelligence.ts(1068,5): error TS1435: Unknown keyword or identifier. Did you mean 'from'?
server/areaIntelligence.ts(1068,10): error TS1434: Unexpected keyword or identifier.
server/areaIntelligence.ts(1069,5): error TS1434: Unexpected keyword or identifier.
server/areaIntelligence.ts(1069,10): error TS1434: Unexpected keyword or identifier.
server/areaIntelligence.ts(1069,18): error TS1434: Unexpected keyword or identifier.
server/areaIntelligence.ts(1069,20): error TS1434: Unexpected keyword or identifier.
server/areaIntelligence.ts(1069,40): error TS1005: ';' expected.
server/areaIntelligence.ts(1069,51): error TS1005: ';' expected.
server/areaIntelligence.ts(1069,54): error TS1434: Unexpected keyword or identifier.
server/areaIntelligence.ts(1070,5): error TS1434: Unexpected keyword or identifier.
server/areaIntelligence.ts(1070,10): error TS1434: Unexpected keyword or identifier.
server/areaIntelligence.ts(1070,26): error TS1434: Unexpected keyword or identifier.
server/areaIntelligence.ts(1070,28): error TS1434: Unexpected keyword or identifier.
server/areaIntelligence.ts(1070,38): error TS1005: ';' expected.
server/areaIntelligence.ts(1070,41): error TS1434: Unexpected keyword or identifier.
server/areaIntelligence.ts(1070,45): error TS1435: Unknown keyword or identifier. Did you mean 'null'?
server/areaIntelligence.ts(1070,50): error TS1434: Unexpected keyword or identifier.
server/areaIntelligence.ts(1071,5): error TS1435: Unknown keyword or identifier. Did you mean 'let'?
server/areaIntelligence.ts(1071,10): error TS1434: Unexpected keyword or identifier.
server/areaIntelligence.ts(1071,15): error TS1434: Unexpected keyword or identifier.
server/areaIntelligence.ts(1071,36): error TS1434: Unexpected keyword or identifier.
server/areaIntelligence.ts(1071,38): error TS1434: Unexpected keyword or identifier.
server/areaIntelligence.ts(1072,5): error TS1434: Unexpected keyword or identifier.
server/areaIntelligence.ts(1072,28): error TS1005: ';' expected.
server/areaIntelligence.ts(1073,5): error TS1434: Unexpected keyword or identifier.
server/areaIntelligence.ts(1073,11): error TS1434: Unexpected keyword or identifier.
server/areaIntelligence.ts(1074,5): error TS1434: Unexpected keyword or identifier.
server/areaIntelligence.ts(1074,33): error TS1005: ';' expected.
server/areaIntelligence.ts(1075,5): error TS1435: Unknown keyword or identifier. Did you mean 'return'?
server/areaIntelligence.ts(1080,5): error TS1435: Unknown keyword or identifier. Did you mean 'with'?
server/areaIntelligence.ts(1080,10): error TS1434: Unexpected keyword or identifier.
server/areaIntelligence.ts(1081,14): error TS1005: ',' expected.
server/areaIntelligence.ts(1081,44): error TS1005: ',' expected.
server/areaIntelligence.ts(1082,19): error TS1005: ',' expected.
server/areaIntelligence.ts(1082,24): error TS1005: ',' expected.
server/areaIntelligence.ts(1082,31): error TS1005: ',' expected.
server/areaIntelligence.ts(1082,34): error TS1005: ',' expected.
server/areaIntelligence.ts(1082,38): error TS1005: ',' expected.
server/areaIntelligence.ts(1082,43): error TS1005: ',' expected.
server/areaIntelligence.ts(1082,48): error TS1005: ',' expected.
server/areaIntelligence.ts(1082,65): error TS1005: ',' expected.
server/areaIntelligence.ts(1082,70): error TS1005: ',' expected.
server/areaIntelligence.ts(1082,92): error TS1005: ',' expected.
server/areaIntelligence.ts(1082,96): error TS1005: ',' expected.
server/areaIntelligence.ts(1083,7): error TS1005: ',' expected.
server/areaIntelligence.ts(1083,12): error TS1005: ',' expected.
server/areaIntelligence.ts(1083,21): error TS1005: ',' expected.
server/areaIntelligence.ts(1084,7): error TS1005: ',' expected.
server/areaIntelligence.ts(1084,12): error TS1005: ',' expected.
server/areaIntelligence.ts(1084,17): error TS1005: ',' expected.
server/areaIntelligence.ts(1084,27): error TS1005: ',' expected.
server/areaIntelligence.ts(1084,29): error TS1005: ',' expected.
server/areaIntelligence.ts(1084,32): error TS1005: ',' expected.
server/areaIntelligence.ts(1085,7): error TS1005: ',' expected.
server/areaIntelligence.ts(1085,12): error TS1005: ',' expected.
server/areaIntelligence.ts(1085,17): error TS1005: ',' expected.
server/areaIntelligence.ts(1085,28): error TS1005: ',' expected.
server/areaIntelligence.ts(1085,31): error TS1005: ',' expected.
server/areaIntelligence.ts(1085,34): error TS1005: ',' expected.
server/areaIntelligence.ts(1086,7): error TS1005: ',' expected.
server/areaIntelligence.ts(1086,12): error TS1005: ',' expected.
server/areaIntelligence.ts(1086,17): error TS1005: ',' expected.
server/areaIntelligence.ts(1086,27): error TS1005: ',' expected.
server/areaIntelligence.ts(1086,30): error TS1005: ',' expected.
server/areaIntelligence.ts(1086,33): error TS1005: ',' expected.
server/areaIntelligence.ts(1087,7): error TS1005: ',' expected.
server/areaIntelligence.ts(1087,13): error TS1005: ',' expected.
server/areaIntelligence.ts(1087,38): error TS1005: ',' expected.
server/areaIntelligence.ts(1087,41): error TS1005: ',' expected.
server/areaIntelligence.ts(1087,45): error TS1005: ',' expected.
server/areaIntelligence.ts(1089,5): error TS1434: Unexpected keyword or identifier.
server/areaIntelligence.ts(1089,12): error TS1434: Unexpected keyword or identifier.
server/areaIntelligence.ts(1090,5): error TS1434: Unexpected keyword or identifier.
server/areaIntelligence.ts(1090,12): error TS1434: Unexpected keyword or identifier.
server/areaIntelligence.ts(1090,31): error TS1005: ';' expected.
server/areaIntelligence.ts(1091,12): error TS1005: ';' expected.
server/areaIntelligence.ts(1091,44): error TS1005: ';' expected.
server/areaIntelligence.ts(1091,53): error TS1005: ';' expected.
server/areaIntelligence.ts(1091,62): error TS1005: ';' expected.
server/areaIntelligence.ts(1092,5): error TS1435: Unknown keyword or identifier. Did you mean 'from'?
server/areaIntelligence.ts(1092,10): error TS1434: Unexpected keyword or identifier.
server/areaIntelligence.ts(1093,5): error TS1434: Unexpected keyword or identifier.
server/areaIntelligence.ts(1093,10): error TS1434: Unexpected keyword or identifier.
server/areaIntelligence.ts(1093,26): error TS1434: Unexpected keyword or identifier.
server/areaIntelligence.ts(1093,28): error TS1434: Unexpected keyword or identifier.
server/areaIntelligence.ts(1093,38): error TS1005: ';' expected.
server/areaIntelligence.ts(1093,41): error TS1434: Unexpected keyword or identifier.
server/areaIntelligence.ts(1093,45): error TS1435: Unknown keyword or identifier. Did you mean 'null'?
server/areaIntelligence.ts(1093,50): error TS1434: Unexpected keyword or identifier.
server/areaIntelligence.ts(1094,5): error TS1434: Unexpected keyword or identifier.
server/areaIntelligence.ts(1094,11): error TS1434: Unexpected keyword or identifier.
server/areaIntelligence.ts(1095,5): error TS1434: Unexpected keyword or identifier.
server/areaIntelligence.ts(1095,29): error TS1005: ';' expected.
server/areaIntelligence.ts(1095,32): error TS1434: Unexpected keyword or identifier.
server/areaIntelligence.ts(1098,5): error TS1435: Unknown keyword or identifier. Did you mean 'return'?
server/areaIntelligence.ts(1103,5): error TS1434: Unexpected keyword or identifier.
server/areaIntelligence.ts(1103,12): error TS1434: Unexpected keyword or identifier.
server/areaIntelligence.ts(1104,5): error TS1434: Unexpected keyword or identifier.
server/areaIntelligence.ts(1105,12): error TS1005: ';' expected.
server/areaIntelligence.ts(1105,31): error TS1005: ',' expected.
server/areaIntelligence.ts(1105,32): error TS1135: Argument expression expected.
server/areaIntelligence.ts(1106,9): error TS1434: Unexpected keyword or identifier.
server/areaIntelligence.ts(1106,52): error TS1005: ',' expected.
server/areaIntelligence.ts(1106,53): error TS1135: Argument expression expected.
server/areaIntelligence.ts(1106,79): error TS1005: ',' expected.
server/areaIntelligence.ts(1106,80): error TS1135: Argument expression expected.
server/areaIntelligence.ts(1106,92): error TS1005: ';' expected.
server/areaIntelligence.ts(1108,5): error TS1435: Unknown keyword or identifier. Did you mean 'from'?
server/areaIntelligence.ts(1108,10): error TS1434: Unexpected keyword or identifier.
server/areaIntelligence.ts(1109,5): error TS1434: Unexpected keyword or identifier.
server/areaIntelligence.ts(1109,10): error TS1434: Unexpected keyword or identifier.
server/areaIntelligence.ts(1109,26): error TS1434: Unexpected keyword or identifier.
server/areaIntelligence.ts(1109,28): error TS1434: Unexpected keyword or identifier.
server/areaIntelligence.ts(1109,38): error TS1005: ';' expected.
server/areaIntelligence.ts(1109,41): error TS1434: Unexpected keyword or identifier.
server/areaIntelligence.ts(1109,45): error TS1435: Unknown keyword or identifier. Did you mean 'null'?
server/areaIntelligence.ts(1109,50): error TS1434: Unexpected keyword or identifier.
server/areaIntelligence.ts(1109,61): error TS1005: ';' expected.
server/areaIntelligence.ts(1109,64): error TS1434: Unexpected keyword or identifier.
server/areaIntelligence.ts(1109,68): error TS1435: Unknown keyword or identifier. Did you mean 'null'?
server/areaIntelligence.ts(1109,73): error TS1434: Unexpected keyword or identifier.
server/areaIntelligence.ts(1110,5): error TS1434: Unexpected keyword or identifier.
server/areaIntelligence.ts(1110,37): error TS1005: ';' expected.
server/areaIntelligence.ts(1110,40): error TS1434: Unexpected keyword or identifier.
server/areaIntelligence.ts(1110,47): error TS1435: Unknown keyword or identifier. Did you mean 'set'?
server/areaIntelligence.ts(1111,5): error TS1435: Unknown keyword or identifier. Did you mean 'return'?
server/areaIntelligence.ts(1116,5): error TS1434: Unexpected keyword or identifier.
server/areaIntelligence.ts(1116,12): error TS1434: Unexpected keyword or identifier.
server/areaIntelligence.ts(1117,5): error TS1434: Unexpected keyword or identifier.
server/areaIntelligence.ts(1117,40): error TS1005: ',' expected.
server/areaIntelligence.ts(1117,41): error TS1135: Argument expression expected.
server/areaIntelligence.ts(1117,58): error TS1005: ',' expected.
server/areaIntelligence.ts(1117,59): error TS1135: Argument expression expected.
server/areaIntelligence.ts(1118,5): error TS1435: Unknown keyword or identifier. Did you mean 'from'?
server/areaIntelligence.ts(1118,10): error TS1434: Unexpected keyword or identifier.
server/areaIntelligence.ts(1119,5): error TS1434: Unexpected keyword or identifier.
server/areaIntelligence.ts(1119,10): error TS1434: Unexpected keyword or identifier.
server/areaIntelligence.ts(1119,26): error TS1434: Unexpected keyword or identifier.
server/areaIntelligence.ts(1119,28): error TS1434: Unexpected keyword or identifier.
server/areaIntelligence.ts(1119,38): error TS1005: ';' expected.
server/areaIntelligence.ts(1119,41): error TS1434: Unexpected keyword or identifier.
server/areaIntelligence.ts(1119,45): error TS1435: Unknown keyword or identifier. Did you mean 'null'?
server/areaIntelligence.ts(1119,50): error TS1434: Unexpected keyword or identifier.
server/areaIntelligence.ts(1119,61): error TS1005: ';' expected.
server/areaIntelligence.ts(1119,64): error TS1434: Unexpected keyword or identifier.
server/areaIntelligence.ts(1120,7): error TS1434: Unexpected keyword or identifier.
server/areaIntelligence.ts(1120,28): error TS1005: ',' expected.
server/areaIntelligence.ts(1120,29): error TS1135: Argument expression expected.
server/areaIntelligence.ts(1120,46): error TS1005: ',' expected.
server/areaIntelligence.ts(1120,47): error TS1135: Argument expression expected.
server/areaIntelligence.ts(1121,5): error TS1434: Unexpected keyword or identifier.
server/areaIntelligence.ts(1121,37): error TS1005: ';' expected.
server/areaIntelligence.ts(1121,40): error TS1434: Unexpected keyword or identifier.
server/areaIntelligence.ts(1121,47): error TS1435: Unknown keyword or identifier. Did you mean 'set'?
server/areaIntelligence.ts(1122,5): error TS1435: Unknown keyword or identifier. Did you mean 'return'?
server/areaIntelligence.ts(1130,5): error TS1434: Unexpected keyword or identifier.
server/areaIntelligence.ts(1130,12): error TS1434: Unexpected keyword or identifier.
server/areaIntelligence.ts(1131,5): error TS1434: Unexpected keyword or identifier.
server/areaIntelligence.ts(1132,5): error TS1434: Unexpected keyword or identifier.
server/areaIntelligence.ts(1132,48): error TS1005: ';' expected.
server/areaIntelligence.ts(1132,51): error TS1434: Unexpected keyword or identifier.
server/areaIntelligence.ts(1135,5): error TS1435: Unknown keyword or identifier. Did you mean 'return'?
server/areaIntelligence.ts(1144,5): error TS1434: Unexpected keyword or identifier.
server/areaIntelligence.ts(1144,31): error TS1005: ';' expected.
server/areaIntelligence.ts(1144,32): error TS1128: Declaration or statement expected.
server/areaIntelligence.ts(1144,68): error TS1109: Expression expected.
server/areaIntelligence.ts(1144,69): error TS1109: Expression expected.
server/areaIntelligence.ts(1144,70): error TS1005: ';' expected.
server/areaIntelligence.ts(1144,71): error TS1128: Declaration or statement expected.
server/areaIntelligence.ts(1144,86): error TS1109: Expression expected.
server/areaIntelligence.ts(1144,87): error TS1109: Expression expected.
server/areaIntelligence.ts(1144,88): error TS1005: ';' expected.
server/areaIntelligence.ts(1144,89): error TS1128: Declaration or statement expected.
server/areaIntelligence.ts(1145,21): error TS1109: Expression expected.
server/areaIntelligence.ts(1145,22): error TS1109: Expression expected.
server/areaIntelligence.ts(1145,23): error TS1005: ',' expected.
server/areaIntelligence.ts(1145,24): error TS1135: Argument expression expected.
server/areaIntelligence.ts(1146,5): error TS1435: Unknown keyword or identifier. Did you mean 'from'?
server/areaIntelligence.ts(1146,10): error TS1434: Unexpected keyword or identifier.
server/areaIntelligence.ts(1146,31): error TS1434: Unexpected keyword or identifier.
server/areaIntelligence.ts(1146,33): error TS1434: Unexpected keyword or identifier.
server/areaIntelligence.ts(1146,38): error TS1434: Unexpected keyword or identifier.
server/areaIntelligence.ts(1146,51): error TS1434: Unexpected keyword or identifier.
server/areaIntelligence.ts(1146,53): error TS1434: Unexpected keyword or identifier.
server/areaIntelligence.ts(1147,5): error TS1434: Unexpected keyword or identifier.
server/areaIntelligence.ts(1147,46): error TS1005: ';' expected.
server/areaIntelligence.ts(1148,5): error TS1434: Unexpected keyword or identifier.
server/areaIntelligence.ts(1148,11): error TS1434: Unexpected keyword or identifier.
server/areaIntelligence.ts(1152,5): error TS1434: Unexpected keyword or identifier.
server/areaIntelligence.ts(1152,31): error TS1005: ';' expected.
server/areaIntelligence.ts(1152,32): error TS1128: Declaration or statement expected.
server/areaIntelligence.ts(1153,27): error TS1005: ';' expected.
server/areaIntelligence.ts(1153,46): error TS1005: ',' expected.
server/areaIntelligence.ts(1153,49): error TS1005: ',' expected.
server/areaIntelligence.ts(1153,65): error TS1109: Expression expected.
server/areaIntelligence.ts(1153,66): error TS1109: Expression expected.
server/areaIntelligence.ts(1153,67): error TS1005: ';' expected.
server/areaIntelligence.ts(1153,68): error TS1128: Declaration or statement expected.
server/areaIntelligence.ts(1154,21): error TS1109: Expression expected.
server/areaIntelligence.ts(1154,22): error TS1109: Expression expected.
server/areaIntelligence.ts(1154,23): error TS1005: ',' expected.
server/areaIntelligence.ts(1154,24): error TS1135: Argument expression expected.
server/areaIntelligence.ts(1155,5): error TS1435: Unknown keyword or identifier. Did you mean 'from'?
server/areaIntelligence.ts(1155,10): error TS1434: Unexpected keyword or identifier.
server/areaIntelligence.ts(1155,31): error TS1434: Unexpected keyword or identifier.
server/areaIntelligence.ts(1155,33): error TS1434: Unexpected keyword or identifier.
server/areaIntelligence.ts(1155,38): error TS1434: Unexpected keyword or identifier.
server/areaIntelligence.ts(1155,51): error TS1434: Unexpected keyword or identifier.
server/areaIntelligence.ts(1155,53): error TS1434: Unexpected keyword or identifier.
server/areaIntelligence.ts(1156,5): error TS1434: Unexpected keyword or identifier.
server/areaIntelligence.ts(1156,46): error TS1005: ';' expected.
server/areaIntelligence.ts(1156,58): error TS1005: ';' expected.
server/areaIntelligence.ts(1157,5): error TS1434: Unexpected keyword or identifier.
server/areaIntelligence.ts(1157,11): error TS1434: Unexpected keyword or identifier.
server/areaIntelligence.ts(1161,5): error TS1435: Unknown keyword or identifier. Did you mean 'with'?
server/areaIntelligence.ts(1161,10): error TS1434: Unexpected keyword or identifier.
server/areaIntelligence.ts(1162,14): error TS1005: ',' expected.
server/areaIntelligence.ts(1163,28): error TS1005: ',' expected.
server/areaIntelligence.ts(1163,35): error TS1005: ',' expected.
server/areaIntelligence.ts(1163,47): error TS1005: ',' expected.
server/areaIntelligence.ts(1163,50): error TS1005: ',' expected.
server/areaIntelligence.ts(1163,60): error TS1005: ',' expected.
server/areaIntelligence.ts(1163,73): error TS1005: ',' expected.
server/areaIntelligence.ts(1163,108): error TS1005: ',' expected.
server/areaIntelligence.ts(1163,121): error TS1005: ',' expected.
server/areaIntelligence.ts(1164,28): error TS1005: ',' expected.
server/areaIntelligence.ts(1164,35): error TS1005: ',' expected.
server/areaIntelligence.ts(1164,47): error TS1005: ',' expected.
server/areaIntelligence.ts(1164,50): error TS1005: ',' expected.
server/areaIntelligence.ts(1164,60): error TS1005: ',' expected.
server/areaIntelligence.ts(1164,73): error TS1005: ',' expected.
server/areaIntelligence.ts(1164,108): error TS1005: ',' expected.
server/areaIntelligence.ts(1164,120): error TS1005: ',' expected.
server/areaIntelligence.ts(1164,124): error TS1005: ',' expected.
server/areaIntelligence.ts(1164,158): error TS1005: ',' expected.
server/areaIntelligence.ts(1164,171): error TS1005: ',' expected.
server/areaIntelligence.ts(1165,14): error TS1109: Expression expected.
server/areaIntelligence.ts(1165,15): error TS1109: Expression expected.
server/areaIntelligence.ts(1165,17): error TS1005: ',' expected.
server/areaIntelligence.ts(1165,30): error TS1005: ',' expected.
server/areaIntelligence.ts(1165,65): error TS1005: ',' expected.
server/areaIntelligence.ts(1165,77): error TS1005: ',' expected.
server/areaIntelligence.ts(1165,78): error TS1135: Argument expression expected.
server/areaIntelligence.ts(1165,83): error TS1005: ',' expected.
server/areaIntelligence.ts(1166,7): error TS1005: ',' expected.
server/areaIntelligence.ts(1166,12): error TS1005: ',' expected.
server/areaIntelligence.ts(1166,33): error TS1005: ',' expected.
server/areaIntelligence.ts(1166,35): error TS1005: ',' expected.
server/areaIntelligence.ts(1166,40): error TS1005: ',' expected.
server/areaIntelligence.ts(1166,53): error TS1005: ',' expected.
server/areaIntelligence.ts(1166,55): error TS1005: ',' expected.
server/areaIntelligence.ts(1166,58): error TS1005: ',' expected.
server/areaIntelligence.ts(1167,7): error TS1005: ',' expected.
server/areaIntelligence.ts(1167,13): error TS1005: ',' expected.
server/areaIntelligence.ts(1167,24): error TS1005: ',' expected.
server/areaIntelligence.ts(1167,28): error TS1005: ',' expected.
server/areaIntelligence.ts(1167,63): error TS1005: ',' expected.
server/areaIntelligence.ts(1168,7): error TS1005: ',' expected.
server/areaIntelligence.ts(1168,13): error TS1005: ',' expected.
server/areaIntelligence.ts(1168,16): error TS1005: ',' expected.
server/areaIntelligence.ts(1170,5): error TS1434: Unexpected keyword or identifier.
server/areaIntelligence.ts(1170,29): error TS1005: ';' expected.
server/areaIntelligence.ts(1170,30): error TS1128: Declaration or statement expected.
server/areaIntelligence.ts(1171,12): error TS1005: ';' expected.
server/areaIntelligence.ts(1171,22): error TS1005: ';' expected.
server/areaIntelligence.ts(1171,41): error TS1005: ';' expected.
server/areaIntelligence.ts(1171,56): error TS1005: ',' expected.
server/areaIntelligence.ts(1171,57): error TS1135: Argument expression expected.
server/areaIntelligence.ts(1173,5): error TS1435: Unknown keyword or identifier. Did you mean 'from'?
server/areaIntelligence.ts(1173,10): error TS1434: Unexpected keyword or identifier.
server/areaIntelligence.ts(1173,12): error TS1434: Unexpected keyword or identifier.
server/areaIntelligence.ts(1173,18): error TS1434: Unexpected keyword or identifier.
server/areaIntelligence.ts(1173,21): error TS1434: Unexpected keyword or identifier.
server/areaIntelligence.ts(1173,24): error TS1434: Unexpected keyword or identifier.
server/areaIntelligence.ts(1173,28): error TS1435: Unknown keyword or identifier. Did you mean 'null'?
server/areaIntelligence.ts(1173,33): error TS1434: Unexpected keyword or identifier.
server/areaIntelligence.ts(1173,37): error TS1434: Unexpected keyword or identifier.
server/areaIntelligence.ts(1173,40): error TS1434: Unexpected keyword or identifier.
server/areaIntelligence.ts(1173,43): error TS1434: Unexpected keyword or identifier.
server/areaIntelligence.ts(1177,5): error TS1435: Unknown keyword or identifier. Did you mean 'with'?
server/areaIntelligence.ts(1177,10): error TS1434: Unexpected keyword or identifier.
server/areaIntelligence.ts(1178,14): error TS1005: ',' expected.
server/areaIntelligence.ts(1179,80): error TS1005: ',' expected.
server/areaIntelligence.ts(1180,81): error TS1005: ',' expected.
server/areaIntelligence.ts(1181,15): error TS1109: Expression expected.
server/areaIntelligence.ts(1181,16): error TS1109: Expression expected.
server/areaIntelligence.ts(1181,17): error TS1005: ',' expected.
server/areaIntelligence.ts(1181,18): error TS1135: Argument expression expected.
server/areaIntelligence.ts(1181,23): error TS1005: ',' expected.
server/areaIntelligence.ts(1182,7): error TS1005: ',' expected.
server/areaIntelligence.ts(1182,12): error TS1005: ',' expected.
server/areaIntelligence.ts(1182,29): error TS1005: ',' expected.
server/areaIntelligence.ts(1182,31): error TS1005: ',' expected.
server/areaIntelligence.ts(1182,36): error TS1005: ',' expected.
server/areaIntelligence.ts(1182,53): error TS1005: ',' expected.
server/areaIntelligence.ts(1182,55): error TS1005: ',' expected.
server/areaIntelligence.ts(1182,58): error TS1005: ',' expected.
server/areaIntelligence.ts(1182,76): error TS1005: ',' expected.
server/areaIntelligence.ts(1182,82): error TS1005: ',' expected.
server/areaIntelligence.ts(1182,85): error TS1005: ',' expected.
server/areaIntelligence.ts(1184,5): error TS1434: Unexpected keyword or identifier.
server/areaIntelligence.ts(1184,29): error TS1005: ';' expected.
server/areaIntelligence.ts(1184,30): error TS1128: Declaration or statement expected.
server/areaIntelligence.ts(1185,12): error TS1005: ';' expected.
server/areaIntelligence.ts(1185,28): error TS1005: ';' expected.
server/areaIntelligence.ts(1185,50): error TS1005: ';' expected.
server/areaIntelligence.ts(1186,12): error TS1005: ';' expected.
server/areaIntelligence.ts(1186,22): error TS1005: ';' expected.
server/areaIntelligence.ts(1186,30): error TS1005: ';' expected.
server/areaIntelligence.ts(1186,40): error TS1005: ';' expected.
server/areaIntelligence.ts(1186,48): error TS1005: ';' expected.
server/areaIntelligence.ts(1186,56): error TS1005: ';' expected.
server/areaIntelligence.ts(1188,5): error TS1435: Unknown keyword or identifier. Did you mean 'from'?
server/areaIntelligence.ts(1188,10): error TS1434: Unexpected keyword or identifier.
server/areaIntelligence.ts(1188,12): error TS1434: Unexpected keyword or identifier.
server/areaIntelligence.ts(1192,5): error TS1435: Unknown keyword or identifier. Did you mean 'with'?
server/areaIntelligence.ts(1192,10): error TS1434: Unexpected keyword or identifier.
server/areaIntelligence.ts(1193,14): error TS1005: ',' expected.
server/areaIntelligence.ts(1193,19): error TS1005: ',' expected.
server/areaIntelligence.ts(1194,26): error TS1005: ',' expected.
server/areaIntelligence.ts(1194,39): error TS1005: ',' expected.
server/areaIntelligence.ts(1194,59): error TS1005: ',' expected.
server/areaIntelligence.ts(1195,26): error TS1005: ',' expected.
server/areaIntelligence.ts(1195,39): error TS1005: ',' expected.
server/areaIntelligence.ts(1195,59): error TS1005: ',' expected.
server/areaIntelligence.ts(1196,7): error TS1005: ',' expected.
server/areaIntelligence.ts(1196,12): error TS1005: ',' expected.
server/areaIntelligence.ts(1196,28): error TS1005: ',' expected.
server/areaIntelligence.ts(1197,7): error TS1005: ',' expected.
server/areaIntelligence.ts(1197,12): error TS1005: ',' expected.
server/areaIntelligence.ts(1197,34): error TS1005: ',' expected.
server/areaIntelligence.ts(1197,36): error TS1005: ',' expected.
server/areaIntelligence.ts(1197,39): error TS1005: ',' expected.
server/areaIntelligence.ts(1198,7): error TS1005: ',' expected.
server/areaIntelligence.ts(1198,13): error TS1005: ',' expected.
server/areaIntelligence.ts(1198,16): error TS1005: ',' expected.
server/areaIntelligence.ts(1200,5): error TS1434: Unexpected keyword or identifier.
server/areaIntelligence.ts(1200,29): error TS1005: ';' expected.
server/areaIntelligence.ts(1200,30): error TS1128: Declaration or statement expected.
server/areaIntelligence.ts(1201,12): error TS1005: ';' expected.
server/areaIntelligence.ts(1201,23): error TS1005: ';' expected.
server/areaIntelligence.ts(1201,36): error TS1005: ')' expected.
server/areaIntelligence.ts(1201,37): error TS1128: Declaration or statement expected.
server/areaIntelligence.ts(1201,51): error TS1005: ';' expected.
server/areaIntelligence.ts(1203,5): error TS1435: Unknown keyword or identifier. Did you mean 'from'?
server/areaIntelligence.ts(1203,10): error TS1434: Unexpected keyword or identifier.
server/areaIntelligence.ts(1203,12): error TS1434: Unexpected keyword or identifier.
server/areaIntelligence.ts(1203,24): error TS1005: ';' expected.
server/areaIntelligence.ts(1203,28): error TS1434: Unexpected keyword or identifier.
server/areaIntelligence.ts(1203,32): error TS1434: Unexpected keyword or identifier.
server/areaIntelligence.ts(1203,35): error TS1434: Unexpected keyword or identifier.
server/areaIntelligence.ts(1207,5): error TS1434: Unexpected keyword or identifier.
server/areaIntelligence.ts(1207,29): error TS1005: ';' expected.
server/areaIntelligence.ts(1207,30): error TS1128: Declaration or statement expected.
server/areaIntelligence.ts(1208,16): error TS1005: ',' expected.
server/areaIntelligence.ts(1208,21): error TS1005: ',' expected.
server/areaIntelligence.ts(1208,37): error TS1005: ',' expected.
server/areaIntelligence.ts(1208,42): error TS1005: ',' expected.
server/areaIntelligence.ts(1208,46): error TS1005: ',' expected.
server/areaIntelligence.ts(1208,51): error TS1005: ',' expected.
server/areaIntelligence.ts(1208,68): error TS1005: ',' expected.
server/areaIntelligence.ts(1208,73): error TS1005: ',' expected.
server/areaIntelligence.ts(1208,76): error TS1005: ',' expected.
server/areaIntelligence.ts(1208,81): error TS1005: ',' expected.
server/areaIntelligence.ts(1208,98): error TS1005: ',' expected.
server/areaIntelligence.ts(1208,103): error TS1005: ',' expected.
server/areaIntelligence.ts(1208,106): error TS1005: ',' expected.
server/areaIntelligence.ts(1208,111): error TS1005: ',' expected.
server/areaIntelligence.ts(1208,114): error TS1005: ',' expected.
server/areaIntelligence.ts(1209,13): error TS1109: Expression expected.
server/areaIntelligence.ts(1209,14): error TS1109: Expression expected.
server/areaIntelligence.ts(1209,15): error TS1005: ';' expected.
server/areaIntelligence.ts(1209,16): error TS1128: Declaration or statement expected.
server/areaIntelligence.ts(1210,5): error TS1435: Unknown keyword or identifier. Did you mean 'from'?
server/areaIntelligence.ts(1210,10): error TS1434: Unexpected keyword or identifier.
server/areaIntelligence.ts(1210,34): error TS1434: Unexpected keyword or identifier.
server/areaIntelligence.ts(1210,40): error TS1434: Unexpected keyword or identifier.
server/areaIntelligence.ts(1215,5): error TS1435: Unknown keyword or identifier. Did you mean 'with'?
server/areaIntelligence.ts(1215,10): error TS1434: Unexpected keyword or identifier.
server/areaIntelligence.ts(1216,14): error TS1005: ',' expected.
server/areaIntelligence.ts(1216,23): error TS1005: ',' expected.
server/areaIntelligence.ts(1216,37): error TS1005: ',' expected.
server/areaIntelligence.ts(1217,7): error TS1005: ',' expected.
server/areaIntelligence.ts(1217,12): error TS1005: ',' expected.
server/areaIntelligence.ts(1217,31): error TS1005: ',' expected.
server/areaIntelligence.ts(1217,37): error TS1005: ',' expected.
server/areaIntelligence.ts(1218,7): error TS1005: ',' expected.
server/areaIntelligence.ts(1218,13): error TS1005: ',' expected.
server/areaIntelligence.ts(1218,16): error TS1005: ',' expected.
server/areaIntelligence.ts(1218,40): error TS1005: ',' expected.
server/areaIntelligence.ts(1219,17): error TS1005: ';' expected.
server/areaIntelligence.ts(1220,14): error TS1005: ',' expected.
server/areaIntelligence.ts(1222,9): error TS1005: ',' expected.
server/areaIntelligence.ts(1222,14): error TS1005: ',' expected.
server/areaIntelligence.ts(1222,42): error TS1005: ',' expected.
server/areaIntelligence.ts(1222,43): error TS1135: Argument expression expected.
server/areaIntelligence.ts(1222,52): error TS1005: ',' expected.
server/areaIntelligence.ts(1222,57): error TS1005: ',' expected.
server/areaIntelligence.ts(1223,9): error TS1005: ',' expected.
server/areaIntelligence.ts(1223,14): error TS1005: ',' expected.
server/areaIntelligence.ts(1223,42): error TS1005: ',' expected.
server/areaIntelligence.ts(1223,43): error TS1135: Argument expression expected.
server/areaIntelligence.ts(1223,53): error TS1005: ',' expected.
server/areaIntelligence.ts(1223,58): error TS1005: ',' expected.
server/areaIntelligence.ts(1224,9): error TS1005: ',' expected.
server/areaIntelligence.ts(1224,14): error TS1005: ',' expected.
server/areaIntelligence.ts(1224,42): error TS1005: ',' expected.
server/areaIntelligence.ts(1224,43): error TS1135: Argument expression expected.
server/areaIntelligence.ts(1224,53): error TS1005: ',' expected.
server/areaIntelligence.ts(1224,58): error TS1005: ',' expected.
server/areaIntelligence.ts(1225,9): error TS1005: ',' expected.
server/areaIntelligence.ts(1225,14): error TS1005: ',' expected.
server/areaIntelligence.ts(1225,42): error TS1005: ',' expected.
server/areaIntelligence.ts(1225,43): error TS1135: Argument expression expected.
server/areaIntelligence.ts(1225,53): error TS1005: ',' expected.
server/areaIntelligence.ts(1225,58): error TS1005: ',' expected.
server/areaIntelligence.ts(1225,61): error TS1005: ',' expected.
server/areaIntelligence.ts(1225,66): error TS1005: ',' expected.
server/areaIntelligence.ts(1225,68): error TS1005: ',' expected.
server/areaIntelligence.ts(1225,72): error TS1005: ',' expected.
server/areaIntelligence.ts(1226,75): error TS1005: ',' expected.
server/areaIntelligence.ts(1227,7): error TS1005: ',' expected.
server/areaIntelligence.ts(1227,12): error TS1005: ',' expected.
server/areaIntelligence.ts(1227,29): error TS1005: ',' expected.
server/areaIntelligence.ts(1228,7): error TS1005: ',' expected.
server/areaIntelligence.ts(1228,12): error TS1005: ',' expected.
server/areaIntelligence.ts(1228,28): error TS1005: ',' expected.
server/areaIntelligence.ts(1228,30): error TS1005: ',' expected.
server/areaIntelligence.ts(1228,33): error TS1005: ',' expected.
server/areaIntelligence.ts(1229,7): error TS1005: ',' expected.
server/areaIntelligence.ts(1229,12): error TS1005: ',' expected.
server/areaIntelligence.ts(1229,21): error TS1005: ',' expected.
server/areaIntelligence.ts(1229,23): error TS1005: ',' expected.
server/areaIntelligence.ts(1229,26): error TS1005: ',' expected.
server/areaIntelligence.ts(1229,45): error TS1005: ',' expected.
server/areaIntelligence.ts(1229,49): error TS1005: ',' expected.
server/areaIntelligence.ts(1230,7): error TS1005: ',' expected.
server/areaIntelligence.ts(1230,12): error TS1005: ',' expected.
server/areaIntelligence.ts(1230,25): error TS1005: ',' expected.
server/areaIntelligence.ts(1230,28): error TS1005: ',' expected.
server/areaIntelligence.ts(1230,31): error TS1005: ',' expected.
server/areaIntelligence.ts(1231,17): error TS1005: ';' expected.
server/areaIntelligence.ts(1232,14): error TS1005: ',' expected.
server/areaIntelligence.ts(1233,90): error TS1005: ',' expected.
server/areaIntelligence.ts(1234,14): error TS1109: Expression expected.
server/areaIntelligence.ts(1234,15): error TS1109: Expression expected.
server/areaIntelligence.ts(1234,17): error TS1005: ',' expected.
server/areaIntelligence.ts(1234,30): error TS1005: ',' expected.
server/areaIntelligence.ts(1234,42): error TS1005: ',' expected.
server/areaIntelligence.ts(1234,43): error TS1135: Argument expression expected.
server/areaIntelligence.ts(1234,48): error TS1005: ',' expected.
server/areaIntelligence.ts(1235,7): error TS1005: ',' expected.
server/areaIntelligence.ts(1235,12): error TS1005: ',' expected.
server/areaIntelligence.ts(1235,21): error TS1005: ',' expected.
server/areaIntelligence.ts(1235,27): error TS1005: ',' expected.
server/areaIntelligence.ts(1235,39): error TS1005: ',' expected.
server/areaIntelligence.ts(1235,45): error TS1005: ',' expected.
server/areaIntelligence.ts(1235,48): error TS1005: ',' expected.
server/areaIntelligence.ts(1236,17): error TS1005: ';' expected.
server/areaIntelligence.ts(1237,14): error TS1005: ',' expected.
server/areaIntelligence.ts(1238,90): error TS1005: ',' expected.
server/areaIntelligence.ts(1239,7): error TS1005: ',' expected.
server/areaIntelligence.ts(1239,12): error TS1005: ',' expected.
server/areaIntelligence.ts(1239,21): error TS1005: ',' expected.
server/areaIntelligence.ts(1239,27): error TS1005: ',' expected.
server/areaIntelligence.ts(1239,39): error TS1005: ',' expected.
server/areaIntelligence.ts(1239,45): error TS1005: ',' expected.
server/areaIntelligence.ts(1239,48): error TS1005: ',' expected.
server/areaIntelligence.ts(1241,5): error TS1434: Unexpected keyword or identifier.
server/areaIntelligence.ts(1242,5): error TS1435: Unknown keyword or identifier. Did you mean 'from'?
server/areaIntelligence.ts(1242,10): error TS1434: Unexpected keyword or identifier.
server/areaIntelligence.ts(1242,19): error TS1434: Unexpected keyword or identifier.
server/areaIntelligence.ts(1242,21): error TS1435: Unknown keyword or identifier. Did you mean 'let'?
server/areaIntelligence.ts(1242,26): error TS1434: Unexpected keyword or identifier.
server/areaIntelligence.ts(1242,31): error TS1434: Unexpected keyword or identifier.
server/areaIntelligence.ts(1242,40): error TS1434: Unexpected keyword or identifier.
server/areaIntelligence.ts(1247,7): error TS1434: Unexpected keyword or identifier.
server/areaIntelligence.ts(1247,14): error TS1434: Unexpected keyword or identifier.
server/areaIntelligence.ts(1248,19): error TS1005: ',' expected.
server/areaIntelligence.ts(1248,20): error TS1135: Argument expression expected.
server/areaIntelligence.ts(1248,64): error TS1005: ',' expected.
server/areaIntelligence.ts(1248,65): error TS1135: Argument expression expected.
server/areaIntelligence.ts(1249,42): error TS1005: ',' expected.
server/areaIntelligence.ts(1249,43): error TS1135: Argument expression expected.
server/areaIntelligence.ts(1249,67): error TS1005: ',' expected.
server/areaIntelligence.ts(1249,68): error TS1135: Argument expression expected.
server/areaIntelligence.ts(1249,92): error TS1005: ',' expected.
server/areaIntelligence.ts(1249,93): error TS1135: Argument expression expected.
server/areaIntelligence.ts(1250,7): error TS1434: Unexpected keyword or identifier.
server/areaIntelligence.ts(1250,50): error TS1005: ';' expected.
server/areaIntelligence.ts(1250,53): error TS1434: Unexpected keyword or identifier.
server/areaIntelligence.ts(1261,5): error TS1435: Unknown keyword or identifier. Did you mean 'with'?
server/areaIntelligence.ts(1261,10): error TS1434: Unexpected keyword or identifier.
server/areaIntelligence.ts(1262,14): error TS1005: ',' expected.
server/areaIntelligence.ts(1262,23): error TS1005: ',' expected.
server/areaIntelligence.ts(1263,9): error TS1005: ',' expected.
server/areaIntelligence.ts(1264,7): error TS1005: ',' expected.
server/areaIntelligence.ts(1264,12): error TS1005: ',' expected.
server/areaIntelligence.ts(1264,34): error TS1005: ',' expected.
server/areaIntelligence.ts(1264,36): error TS1005: ',' expected.
server/areaIntelligence.ts(1264,42): error TS1005: ',' expected.
server/areaIntelligence.ts(1264,45): error TS1005: ',' expected.
server/areaIntelligence.ts(1264,81): error TS1005: ',' expected.
server/areaIntelligence.ts(1264,102): error TS1005: ',' expected.
server/areaIntelligence.ts(1266,5): error TS1434: Unexpected keyword or identifier.
server/areaIntelligence.ts(1266,17): error TS1005: ';' expected.
server/areaIntelligence.ts(1268,22): error TS1005: ',' expected.
server/areaIntelligence.ts(1268,35): error TS1005: ',' expected.
server/areaIntelligence.ts(1268,38): error TS1005: ',' expected.
server/areaIntelligence.ts(1268,42): error TS1005: ',' expected.
server/areaIntelligence.ts(1268,48): error TS1005: ';' expected.
server/areaIntelligence.ts(1269,5): error TS1435: Unknown keyword or identifier. Did you mean 'from'?
server/areaIntelligence.ts(1269,10): error TS1434: Unexpected keyword or identifier.
server/areaIntelligence.ts(1269,26): error TS1434: Unexpected keyword or identifier.
server/areaIntelligence.ts(1269,28): error TS1435: Unknown keyword or identifier. Did you mean 'let'?
server/areaIntelligence.ts(1269,33): error TS1434: Unexpected keyword or identifier.
server/areaIntelligence.ts(1269,38): error TS1434: Unexpected keyword or identifier.
server/areaIntelligence.ts(1269,45): error TS1434: Unexpected keyword or identifier.
server/areaIntelligence.ts(1269,47): error TS1434: Unexpected keyword or identifier.
server/areaIntelligence.ts(1270,5): error TS1434: Unexpected keyword or identifier.
server/areaIntelligence.ts(1270,11): error TS1434: Unexpected keyword or identifier.
server/areaIntelligence.ts(1305,7): error TS1434: Unexpected keyword or identifier.
server/areaIntelligence.ts(1305,14): error TS1434: Unexpected keyword or identifier.
server/areaIntelligence.ts(1307,40): error TS1005: ',' expected.
server/areaIntelligence.ts(1307,41): error TS1135: Argument expression expected.
server/areaIntelligence.ts(1307,51): error TS1005: ',' expected.
server/areaIntelligence.ts(1307,52): error TS1135: Argument expression expected.
server/areaIntelligence.ts(1310,7): error TS1434: Unexpected keyword or identifier.
server/areaIntelligence.ts(1310,14): error TS1434: Unexpected keyword or identifier.
server/areaIntelligence.ts(1313,7): error TS1434: Unexpected keyword or identifier.
server/areaIntelligence.ts(1313,28): error TS1005: ';' expected.
server/areaIntelligence.ts(1313,31): error TS1434: Unexpected keyword or identifier.
server/areaIntelligence.ts(1343,7): error TS1434: Unexpected keyword or identifier.
server/areaIntelligence.ts(1343,14): error TS1434: Unexpected keyword or identifier.
server/areaIntelligence.ts(1343,32): error TS1435: Unknown keyword or identifier. Did you mean 'set'?
server/areaIntelligence.ts(1344,39): error TS1005: ';' expected.
server/areaIntelligence.ts(1344,40): error TS1128: Declaration or statement expected.
server/areaIntelligence.ts(1344,41): error TS1434: Unexpected keyword or identifier.
server/areaIntelligence.ts(1344,47): error TS1434: Unexpected keyword or identifier.
server/areaIntelligence.ts(1363,5): error TS1434: Unexpected keyword or identifier.
server/areaIntelligence.ts(1363,12): error TS1434: Unexpected keyword or identifier.
server/areaIntelligence.ts(1364,5): error TS1434: Unexpected keyword or identifier.
server/areaIntelligence.ts(1364,59): error TS1005: ',' expected.
server/areaIntelligence.ts(1364,60): error TS1135: Argument expression expected.
server/areaIntelligence.ts(1366,17): error TS1005: ';' expected.
server/areaIntelligence.ts(1366,29): error TS1005: ';' expected.
server/areaIntelligence.ts(1366,32): error TS1435: Unknown keyword or identifier. Did you mean 'null'?
server/areaIntelligence.ts(1366,37): error TS1434: Unexpected keyword or identifier.
server/areaIntelligence.ts(1366,42): error TS1435: Unknown keyword or identifier. Did you mean 'null'?
server/areaIntelligence.ts(1366,47): error TS1435: Unknown keyword or identifier. Did you mean 'else'?
server/areaIntelligence.ts(1366,78): error TS1005: ';' expected.
server/areaIntelligence.ts(1367,5): error TS1435: Unknown keyword or identifier. Did you mean 'from'?
server/areaIntelligence.ts(1367,10): error TS1434: Unexpected keyword or identifier.
server/areaIntelligence.ts(1368,5): error TS1435: Unknown keyword or identifier. Did you mean 'let'?
server/areaIntelligence.ts(1368,10): error TS1434: Unexpected keyword or identifier.
server/areaIntelligence.ts(1368,15): error TS1434: Unexpected keyword or identifier.
server/areaIntelligence.ts(1368,22): error TS1434: Unexpected keyword or identifier.
server/areaIntelligence.ts(1368,24): error TS1434: Unexpected keyword or identifier.
server/areaIntelligence.ts(1369,5): error TS1434: Unexpected keyword or identifier.
server/areaIntelligence.ts(1370,5): error TS1434: Unexpected keyword or identifier.
server/areaIntelligence.ts(1370,68): error TS1005: ';' expected.
server/areaIntelligence.ts(1370,71): error TS1434: Unexpected keyword or identifier.
server/areaIntelligence.ts(1373,5): error TS1435: Unknown keyword or identifier. Did you mean 'return'?
server/areaIntelligence.ts(1381,5): error TS1434: Unexpected keyword or identifier.
server/areaIntelligence.ts(1381,12): error TS1434: Unexpected keyword or identifier.
server/areaIntelligence.ts(1382,5): error TS1434: Unexpected keyword or identifier.
server/areaIntelligence.ts(1383,5): error TS1435: Unknown keyword or identifier. Did you mean 'from'?
server/areaIntelligence.ts(1383,10): error TS1434: Unexpected keyword or identifier.
server/areaIntelligence.ts(1384,5): error TS1434: Unexpected keyword or identifier.
server/areaIntelligence.ts(1384,10): error TS1434: Unexpected keyword or identifier.
server/areaIntelligence.ts(1384,18): error TS1434: Unexpected keyword or identifier.
server/areaIntelligence.ts(1384,20): error TS1434: Unexpected keyword or identifier.
server/areaIntelligence.ts(1385,5): error TS1434: Unexpected keyword or identifier.
server/areaIntelligence.ts(1385,10): error TS1434: Unexpected keyword or identifier.
server/areaIntelligence.ts(1385,26): error TS1434: Unexpected keyword or identifier.
server/areaIntelligence.ts(1385,28): error TS1434: Unexpected keyword or identifier.
server/areaIntelligence.ts(1386,5): error TS1434: Unexpected keyword or identifier.
server/areaIntelligence.ts(1386,33): error TS1005: ';' expected.
server/areaIntelligence.ts(1386,36): error TS1434: Unexpected keyword or identifier.
server/areaIntelligence.ts(1389,5): error TS1435: Unknown keyword or identifier. Did you mean 'return'?
server/areaIntelligence.ts(1394,5): error TS1434: Unexpected keyword or identifier.
server/areaIntelligence.ts(1394,12): error TS1434: Unexpected keyword or identifier.
server/areaIntelligence.ts(1395,5): error TS1434: Unexpected keyword or identifier.
server/areaIntelligence.ts(1395,12): error TS1434: Unexpected keyword or identifier.
server/areaIntelligence.ts(1395,30): error TS1005: ';' expected.
server/areaIntelligence.ts(1396,5): error TS1435: Unknown keyword or identifier. Did you mean 'from'?
server/areaIntelligence.ts(1396,10): error TS1434: Unexpected keyword or identifier.
server/areaIntelligence.ts(1397,5): error TS1434: Unexpected keyword or identifier.
server/areaIntelligence.ts(1397,10): error TS1434: Unexpected keyword or identifier.
server/areaIntelligence.ts(1397,18): error TS1434: Unexpected keyword or identifier.
server/areaIntelligence.ts(1397,20): error TS1434: Unexpected keyword or identifier.
server/areaIntelligence.ts(1397,40): error TS1005: ';' expected.
server/areaIntelligence.ts(1397,51): error TS1005: ';' expected.
server/areaIntelligence.ts(1397,54): error TS1434: Unexpected keyword or identifier.
server/areaIntelligence.ts(1398,5): error TS1434: Unexpected keyword or identifier.
server/areaIntelligence.ts(1398,10): error TS1434: Unexpected keyword or identifier.
server/areaIntelligence.ts(1398,26): error TS1434: Unexpected keyword or identifier.
server/areaIntelligence.ts(1398,28): error TS1434: Unexpected keyword or identifier.
server/areaIntelligence.ts(1398,38): error TS1005: ';' expected.
server/areaIntelligence.ts(1398,41): error TS1434: Unexpected keyword or identifier.
server/areaIntelligence.ts(1398,45): error TS1435: Unknown keyword or identifier. Did you mean 'null'?
server/areaIntelligence.ts(1398,50): error TS1434: Unexpected keyword or identifier.
server/areaIntelligence.ts(1399,5): error TS1435: Unknown keyword or identifier. Did you mean 'let'?
server/areaIntelligence.ts(1399,10): error TS1434: Unexpected keyword or identifier.
server/areaIntelligence.ts(1399,15): error TS1434: Unexpected keyword or identifier.
server/areaIntelligence.ts(1399,36): error TS1434: Unexpected keyword or identifier.
server/areaIntelligence.ts(1399,38): error TS1434: Unexpected keyword or identifier.
server/areaIntelligence.ts(1400,5): error TS1434: Unexpected keyword or identifier.
server/areaIntelligence.ts(1400,28): error TS1005: ';' expected.
server/areaIntelligence.ts(1401,5): error TS1434: Unexpected keyword or identifier.
server/areaIntelligence.ts(1401,11): error TS1434: Unexpected keyword or identifier.
server/areaIntelligence.ts(1402,5): error TS1434: Unexpected keyword or identifier.
server/areaIntelligence.ts(1402,33): error TS1005: ';' expected.
server/areaIntelligence.ts(1403,5): error TS1435: Unknown keyword or identifier. Did you mean 'return'?
server/areaIntelligence.ts(1408,5): error TS1435: Unknown keyword or identifier. Did you mean 'with'?
server/areaIntelligence.ts(1408,10): error TS1434: Unexpected keyword or identifier.
server/areaIntelligence.ts(1409,14): error TS1005: ',' expected.
server/areaIntelligence.ts(1409,44): error TS1005: ',' expected.
server/areaIntelligence.ts(1410,19): error TS1005: ',' expected.
server/areaIntelligence.ts(1410,24): error TS1005: ',' expected.
server/areaIntelligence.ts(1410,31): error TS1005: ',' expected.
server/areaIntelligence.ts(1410,34): error TS1005: ',' expected.
server/areaIntelligence.ts(1410,38): error TS1005: ',' expected.
server/areaIntelligence.ts(1410,43): error TS1005: ',' expected.
server/areaIntelligence.ts(1410,48): error TS1005: ',' expected.
server/areaIntelligence.ts(1410,65): error TS1005: ',' expected.
server/areaIntelligence.ts(1410,70): error TS1005: ',' expected.
server/areaIntelligence.ts(1410,92): error TS1005: ',' expected.
server/areaIntelligence.ts(1410,96): error TS1005: ',' expected.
server/areaIntelligence.ts(1411,7): error TS1005: ',' expected.
server/areaIntelligence.ts(1411,12): error TS1005: ',' expected.
server/areaIntelligence.ts(1411,21): error TS1005: ',' expected.
server/areaIntelligence.ts(1412,7): error TS1005: ',' expected.
server/areaIntelligence.ts(1412,12): error TS1005: ',' expected.
server/areaIntelligence.ts(1412,17): error TS1005: ',' expected.
server/areaIntelligence.ts(1412,27): error TS1005: ',' expected.
server/areaIntelligence.ts(1412,29): error TS1005: ',' expected.
server/areaIntelligence.ts(1412,32): error TS1005: ',' expected.
server/areaIntelligence.ts(1413,7): error TS1005: ',' expected.
server/areaIntelligence.ts(1413,12): error TS1005: ',' expected.
server/areaIntelligence.ts(1413,17): error TS1005: ',' expected.
server/areaIntelligence.ts(1413,28): error TS1005: ',' expected.
server/areaIntelligence.ts(1413,31): error TS1005: ',' expected.
server/areaIntelligence.ts(1413,34): error TS1005: ',' expected.
server/areaIntelligence.ts(1414,7): error TS1005: ',' expected.
server/areaIntelligence.ts(1414,12): error TS1005: ',' expected.
server/areaIntelligence.ts(1414,17): error TS1005: ',' expected.
server/areaIntelligence.ts(1414,27): error TS1005: ',' expected.
server/areaIntelligence.ts(1414,30): error TS1005: ',' expected.
server/areaIntelligence.ts(1414,33): error TS1005: ',' expected.
server/areaIntelligence.ts(1415,7): error TS1005: ',' expected.
server/areaIntelligence.ts(1415,13): error TS1005: ',' expected.
server/areaIntelligence.ts(1415,38): error TS1005: ',' expected.
server/areaIntelligence.ts(1415,41): error TS1005: ',' expected.
server/areaIntelligence.ts(1415,45): error TS1005: ',' expected.
server/areaIntelligence.ts(1417,5): error TS1434: Unexpected keyword or identifier.
server/areaIntelligence.ts(1417,12): error TS1434: Unexpected keyword or identifier.
server/areaIntelligence.ts(1418,5): error TS1434: Unexpected keyword or identifier.
server/areaIntelligence.ts(1418,12): error TS1434: Unexpected keyword or identifier.
server/areaIntelligence.ts(1418,31): error TS1005: ';' expected.
server/areaIntelligence.ts(1419,12): error TS1005: ';' expected.
server/areaIntelligence.ts(1419,44): error TS1005: ';' expected.
server/areaIntelligence.ts(1419,53): error TS1005: ';' expected.
server/areaIntelligence.ts(1419,62): error TS1005: ';' expected.
server/areaIntelligence.ts(1420,5): error TS1435: Unknown keyword or identifier. Did you mean 'from'?
server/areaIntelligence.ts(1420,10): error TS1434: Unexpected keyword or identifier.
server/areaIntelligence.ts(1421,5): error TS1434: Unexpected keyword or identifier.
server/areaIntelligence.ts(1421,10): error TS1434: Unexpected keyword or identifier.
server/areaIntelligence.ts(1421,26): error TS1434: Unexpected keyword or identifier.
server/areaIntelligence.ts(1421,28): error TS1434: Unexpected keyword or identifier.
server/areaIntelligence.ts(1421,38): error TS1005: ';' expected.
server/areaIntelligence.ts(1421,41): error TS1434: Unexpected keyword or identifier.
server/areaIntelligence.ts(1421,45): error TS1435: Unknown keyword or identifier. Did you mean 'null'?
server/areaIntelligence.ts(1421,50): error TS1434: Unexpected keyword or identifier.
server/areaIntelligence.ts(1422,5): error TS1434: Unexpected keyword or identifier.
server/areaIntelligence.ts(1422,11): error TS1434: Unexpected keyword or identifier.
server/areaIntelligence.ts(1423,5): error TS1434: Unexpected keyword or identifier.
server/areaIntelligence.ts(1423,29): error TS1005: ';' expected.
server/areaIntelligence.ts(1423,32): error TS1434: Unexpected keyword or identifier.
server/areaIntelligence.ts(1426,5): error TS1435: Unknown keyword or identifier. Did you mean 'return'?
server/areaIntelligence.ts(1431,5): error TS1434: Unexpected keyword or identifier.
server/areaIntelligence.ts(1431,12): error TS1434: Unexpected keyword or identifier.
server/areaIntelligence.ts(1432,5): error TS1434: Unexpected keyword or identifier.
server/areaIntelligence.ts(1433,12): error TS1005: ';' expected.
server/areaIntelligence.ts(1433,31): error TS1005: ',' expected.
server/areaIntelligence.ts(1433,32): error TS1135: Argument expression expected.
server/areaIntelligence.ts(1434,9): error TS1434: Unexpected keyword or identifier.
server/areaIntelligence.ts(1434,52): error TS1005: ',' expected.
server/areaIntelligence.ts(1434,53): error TS1135: Argument expression expected.
server/areaIntelligence.ts(1434,79): error TS1005: ',' expected.
server/areaIntelligence.ts(1434,80): error TS1135: Argument expression expected.
server/areaIntelligence.ts(1434,92): error TS1005: ';' expected.
server/areaIntelligence.ts(1436,5): error TS1435: Unknown keyword or identifier. Did you mean 'from'?
server/areaIntelligence.ts(1436,10): error TS1434: Unexpected keyword or identifier.
server/areaIntelligence.ts(1437,5): error TS1434: Unexpected keyword or identifier.
server/areaIntelligence.ts(1437,10): error TS1434: Unexpected keyword or identifier.
server/areaIntelligence.ts(1437,26): error TS1434: Unexpected keyword or identifier.
server/areaIntelligence.ts(1437,28): error TS1434: Unexpected keyword or identifier.
server/areaIntelligence.ts(1437,38): error TS1005: ';' expected.
server/areaIntelligence.ts(1437,41): error TS1434: Unexpected keyword or identifier.
server/areaIntelligence.ts(1437,45): error TS1435: Unknown keyword or identifier. Did you mean 'null'?
server/areaIntelligence.ts(1437,50): error TS1434: Unexpected keyword or identifier.
server/areaIntelligence.ts(1437,61): error TS1005: ';' expected.
server/areaIntelligence.ts(1437,64): error TS1434: Unexpected keyword or identifier.
server/areaIntelligence.ts(1437,68): error TS1435: Unknown keyword or identifier. Did you mean 'null'?
server/areaIntelligence.ts(1437,73): error TS1434: Unexpected keyword or identifier.
server/areaIntelligence.ts(1438,5): error TS1434: Unexpected keyword or identifier.
server/areaIntelligence.ts(1438,37): error TS1005: ';' expected.
server/areaIntelligence.ts(1438,40): error TS1434: Unexpected keyword or identifier.
server/areaIntelligence.ts(1438,47): error TS1435: Unknown keyword or identifier. Did you mean 'set'?
server/areaIntelligence.ts(1439,5): error TS1435: Unknown keyword or identifier. Did you mean 'return'?
server/areaIntelligence.ts(1444,5): error TS1434: Unexpected keyword or identifier.
server/areaIntelligence.ts(1444,12): error TS1434: Unexpected keyword or identifier.
server/areaIntelligence.ts(1445,5): error TS1434: Unexpected keyword or identifier.
server/areaIntelligence.ts(1445,40): error TS1005: ',' expected.
server/areaIntelligence.ts(1445,41): error TS1135: Argument expression expected.
server/areaIntelligence.ts(1445,58): error TS1005: ',' expected.
server/areaIntelligence.ts(1445,59): error TS1135: Argument expression expected.
server/areaIntelligence.ts(1446,5): error TS1435: Unknown keyword or identifier. Did you mean 'from'?
server/areaIntelligence.ts(1446,10): error TS1434: Unexpected keyword or identifier.
server/areaIntelligence.ts(1447,5): error TS1434: Unexpected keyword or identifier.
server/areaIntelligence.ts(1447,10): error TS1434: Unexpected keyword or identifier.
server/areaIntelligence.ts(1447,26): error TS1434: Unexpected keyword or identifier.
server/areaIntelligence.ts(1447,28): error TS1434: Unexpected keyword or identifier.
server/areaIntelligence.ts(1447,38): error TS1005: ';' expected.
server/areaIntelligence.ts(1447,41): error TS1434: Unexpected keyword or identifier.
server/areaIntelligence.ts(1447,45): error TS1435: Unknown keyword or identifier. Did you mean 'null'?
server/areaIntelligence.ts(1447,50): error TS1434: Unexpected keyword or identifier.
server/areaIntelligence.ts(1447,61): error TS1005: ';' expected.
server/areaIntelligence.ts(1447,64): error TS1434: Unexpected keyword or identifier.
server/areaIntelligence.ts(1448,7): error TS1434: Unexpected keyword or identifier.
server/areaIntelligence.ts(1448,28): error TS1005: ',' expected.
server/areaIntelligence.ts(1448,29): error TS1135: Argument expression expected.
server/areaIntelligence.ts(1448,46): error TS1005: ',' expected.
server/areaIntelligence.ts(1448,47): error TS1135: Argument expression expected.
server/areaIntelligence.ts(1449,5): error TS1434: Unexpected keyword or identifier.
server/areaIntelligence.ts(1449,37): error TS1005: ';' expected.
server/areaIntelligence.ts(1449,40): error TS1434: Unexpected keyword or identifier.
server/areaIntelligence.ts(1449,47): error TS1435: Unknown keyword or identifier. Did you mean 'set'?
server/areaIntelligence.ts(1450,5): error TS1435: Unknown keyword or identifier. Did you mean 'return'?
server/areaIntelligence.ts(1458,5): error TS1434: Unexpected keyword or identifier.
server/areaIntelligence.ts(1458,12): error TS1434: Unexpected keyword or identifier.
server/areaIntelligence.ts(1459,5): error TS1434: Unexpected keyword or identifier.
server/areaIntelligence.ts(1460,5): error TS1434: Unexpected keyword or identifier.
server/areaIntelligence.ts(1460,48): error TS1005: ';' expected.
server/areaIntelligence.ts(1460,51): error TS1434: Unexpected keyword or identifier.
server/areaIntelligence.ts(1463,5): error TS1435: Unknown keyword or identifier. Did you mean 'return'?
server/areaIntelligence.ts(1472,5): error TS1434: Unexpected keyword or identifier.
server/areaIntelligence.ts(1472,31): error TS1005: ';' expected.
server/areaIntelligence.ts(1472,32): error TS1128: Declaration or statement expected.
server/areaIntelligence.ts(1472,68): error TS1109: Expression expected.
server/areaIntelligence.ts(1472,69): error TS1109: Expression expected.
server/areaIntelligence.ts(1472,70): error TS1005: ';' expected.
server/areaIntelligence.ts(1472,71): error TS1128: Declaration or statement expected.
server/areaIntelligence.ts(1472,86): error TS1109: Expression expected.
server/areaIntelligence.ts(1472,87): error TS1109: Expression expected.
server/areaIntelligence.ts(1472,88): error TS1005: ';' expected.
server/areaIntelligence.ts(1472,89): error TS1128: Declaration or statement expected.
server/areaIntelligence.ts(1473,21): error TS1109: Expression expected.
server/areaIntelligence.ts(1473,22): error TS1109: Expression expected.
server/areaIntelligence.ts(1473,23): error TS1005: ',' expected.
server/areaIntelligence.ts(1473,24): error TS1135: Argument expression expected.
server/areaIntelligence.ts(1474,5): error TS1435: Unknown keyword or identifier. Did you mean 'from'?
server/areaIntelligence.ts(1474,10): error TS1434: Unexpected keyword or identifier.
server/areaIntelligence.ts(1474,31): error TS1434: Unexpected keyword or identifier.
server/areaIntelligence.ts(1474,33): error TS1434: Unexpected keyword or identifier.
server/areaIntelligence.ts(1474,38): error TS1434: Unexpected keyword or identifier.
server/areaIntelligence.ts(1474,51): error TS1434: Unexpected keyword or identifier.
server/areaIntelligence.ts(1474,53): error TS1434: Unexpected keyword or identifier.
server/areaIntelligence.ts(1475,5): error TS1434: Unexpected keyword or identifier.
server/areaIntelligence.ts(1475,46): error TS1005: ';' expected.
server/areaIntelligence.ts(1476,5): error TS1434: Unexpected keyword or identifier.
server/areaIntelligence.ts(1476,11): error TS1434: Unexpected keyword or identifier.
server/areaIntelligence.ts(1480,5): error TS1434: Unexpected keyword or identifier.
server/areaIntelligence.ts(1480,31): error TS1005: ';' expected.
server/areaIntelligence.ts(1480,32): error TS1128: Declaration or statement expected.
server/areaIntelligence.ts(1481,27): error TS1005: ';' expected.
server/areaIntelligence.ts(1481,46): error TS1005: ',' expected.
server/areaIntelligence.ts(1481,49): error TS1005: ',' expected.
server/areaIntelligence.ts(1481,65): error TS1109: Expression expected.
server/areaIntelligence.ts(1481,66): error TS1109: Expression expected.
server/areaIntelligence.ts(1481,67): error TS1005: ';' expected.
server/areaIntelligence.ts(1481,68): error TS1128: Declaration or statement expected.
server/areaIntelligence.ts(1482,21): error TS1109: Expression expected.
server/areaIntelligence.ts(1482,22): error TS1109: Expression expected.
server/areaIntelligence.ts(1482,23): error TS1005: ',' expected.
server/areaIntelligence.ts(1482,24): error TS1135: Argument expression expected.
server/areaIntelligence.ts(1483,5): error TS1435: Unknown keyword or identifier. Did you mean 'from'?
server/areaIntelligence.ts(1483,10): error TS1434: Unexpected keyword or identifier.
server/areaIntelligence.ts(1483,31): error TS1434: Unexpected keyword or identifier.
server/areaIntelligence.ts(1483,33): error TS1434: Unexpected keyword or identifier.
server/areaIntelligence.ts(1483,38): error TS1434: Unexpected keyword or identifier.
server/areaIntelligence.ts(1483,51): error TS1434: Unexpected keyword or identifier.
server/areaIntelligence.ts(1483,53): error TS1434: Unexpected keyword or identifier.
server/areaIntelligence.ts(1484,5): error TS1434: Unexpected keyword or identifier.
server/areaIntelligence.ts(1484,46): error TS1005: ';' expected.
server/areaIntelligence.ts(1484,58): error TS1005: ';' expected.
server/areaIntelligence.ts(1485,5): error TS1434: Unexpected keyword or identifier.
server/areaIntelligence.ts(1485,11): error TS1434: Unexpected keyword or identifier.
server/areaIntelligence.ts(1489,5): error TS1435: Unknown keyword or identifier. Did you mean 'with'?
server/areaIntelligence.ts(1489,10): error TS1434: Unexpected keyword or identifier.
server/areaIntelligence.ts(1490,14): error TS1005: ',' expected.
server/areaIntelligence.ts(1491,28): error TS1005: ',' expected.
server/areaIntelligence.ts(1491,35): error TS1005: ',' expected.
server/areaIntelligence.ts(1491,47): error TS1005: ',' expected.
server/areaIntelligence.ts(1491,50): error TS1005: ',' expected.
server/areaIntelligence.ts(1491,60): error TS1005: ',' expected.
server/areaIntelligence.ts(1491,73): error TS1005: ',' expected.
server/areaIntelligence.ts(1491,108): error TS1005: ',' expected.
server/areaIntelligence.ts(1491,121): error TS1005: ',' expected.
server/areaIntelligence.ts(1492,28): error TS1005: ',' expected.
server/areaIntelligence.ts(1492,35): error TS1005: ',' expected.
server/areaIntelligence.ts(1492,47): error TS1005: ',' expected.
server/areaIntelligence.ts(1492,50): error TS1005: ',' expected.
server/areaIntelligence.ts(1492,60): error TS1005: ',' expected.
server/areaIntelligence.ts(1492,73): error TS1005: ',' expected.
server/areaIntelligence.ts(1492,108): error TS1005: ',' expected.
server/areaIntelligence.ts(1492,120): error TS1005: ',' expected.
server/areaIntelligence.ts(1492,124): error TS1005: ',' expected.
server/areaIntelligence.ts(1492,158): error TS1005: ',' expected.
server/areaIntelligence.ts(1492,171): error TS1005: ',' expected.
server/areaIntelligence.ts(1493,14): error TS1109: Expression expected.
server/areaIntelligence.ts(1493,15): error TS1109: Expression expected.
server/areaIntelligence.ts(1493,17): error TS1005: ',' expected.
server/areaIntelligence.ts(1493,30): error TS1005: ',' expected.
server/areaIntelligence.ts(1493,65): error TS1005: ',' expected.
server/areaIntelligence.ts(1493,77): error TS1005: ',' expected.
server/areaIntelligence.ts(1493,78): error TS1135: Argument expression expected.
server/areaIntelligence.ts(1493,83): error TS1005: ',' expected.
server/areaIntelligence.ts(1494,7): error TS1005: ',' expected.
server/areaIntelligence.ts(1494,12): error TS1005: ',' expected.
server/areaIntelligence.ts(1494,33): error TS1005: ',' expected.
server/areaIntelligence.ts(1494,35): error TS1005: ',' expected.
server/areaIntelligence.ts(1494,40): error TS1005: ',' expected.
server/areaIntelligence.ts(1494,53): error TS1005: ',' expected.
server/areaIntelligence.ts(1494,55): error TS1005: ',' expected.
server/areaIntelligence.ts(1494,58): error TS1005: ',' expected.
server/areaIntelligence.ts(1495,7): error TS1005: ',' expected.
server/areaIntelligence.ts(1495,13): error TS1005: ',' expected.
server/areaIntelligence.ts(1495,24): error TS1005: ',' expected.
server/areaIntelligence.ts(1495,28): error TS1005: ',' expected.
server/areaIntelligence.ts(1495,63): error TS1005: ',' expected.
server/areaIntelligence.ts(1496,7): error TS1005: ',' expected.
server/areaIntelligence.ts(1496,13): error TS1005: ',' expected.
server/areaIntelligence.ts(1496,16): error TS1005: ',' expected.
server/areaIntelligence.ts(1498,5): error TS1434: Unexpected keyword or identifier.
server/areaIntelligence.ts(1498,29): error TS1005: ';' expected.
server/areaIntelligence.ts(1498,30): error TS1128: Declaration or statement expected.
server/areaIntelligence.ts(1499,12): error TS1005: ';' expected.
server/areaIntelligence.ts(1499,22): error TS1005: ';' expected.
server/areaIntelligence.ts(1499,41): error TS1005: ';' expected.
server/areaIntelligence.ts(1499,56): error TS1005: ',' expected.
server/areaIntelligence.ts(1499,57): error TS1135: Argument expression expected.
server/areaIntelligence.ts(1501,5): error TS1435: Unknown keyword or identifier. Did you mean 'from'?
server/areaIntelligence.ts(1501,10): error TS1434: Unexpected keyword or identifier.
server/areaIntelligence.ts(1501,12): error TS1434: Unexpected keyword or identifier.
server/areaIntelligence.ts(1501,18): error TS1434: Unexpected keyword or identifier.
server/areaIntelligence.ts(1501,21): error TS1434: Unexpected keyword or identifier.
server/areaIntelligence.ts(1501,24): error TS1434: Unexpected keyword or identifier.
server/areaIntelligence.ts(1501,28): error TS1435: Unknown keyword or identifier. Did you mean 'null'?
server/areaIntelligence.ts(1501,33): error TS1434: Unexpected keyword or identifier.
server/areaIntelligence.ts(1501,37): error TS1434: Unexpected keyword or identifier.
server/areaIntelligence.ts(1501,40): error TS1434: Unexpected keyword or identifier.
server/areaIntelligence.ts(1501,43): error TS1434: Unexpected keyword or identifier.
server/areaIntelligence.ts(1505,5): error TS1435: Unknown keyword or identifier. Did you mean 'with'?
server/areaIntelligence.ts(1505,10): error TS1434: Unexpected keyword or identifier.
server/areaIntelligence.ts(1506,14): error TS1005: ',' expected.
server/areaIntelligence.ts(1507,80): error TS1005: ',' expected.
server/areaIntelligence.ts(1508,81): error TS1005: ',' expected.
server/areaIntelligence.ts(1509,15): error TS1109: Expression expected.
server/areaIntelligence.ts(1509,16): error TS1109: Expression expected.
server/areaIntelligence.ts(1509,17): error TS1005: ',' expected.
server/areaIntelligence.ts(1509,18): error TS1135: Argument expression expected.
server/areaIntelligence.ts(1509,23): error TS1005: ',' expected.
server/areaIntelligence.ts(1510,7): error TS1005: ',' expected.
server/areaIntelligence.ts(1510,12): error TS1005: ',' expected.
server/areaIntelligence.ts(1510,29): error TS1005: ',' expected.
server/areaIntelligence.ts(1510,31): error TS1005: ',' expected.
server/areaIntelligence.ts(1510,36): error TS1005: ',' expected.
server/areaIntelligence.ts(1510,53): error TS1005: ',' expected.
server/areaIntelligence.ts(1510,55): error TS1005: ',' expected.
server/areaIntelligence.ts(1510,58): error TS1005: ',' expected.
server/areaIntelligence.ts(1510,76): error TS1005: ',' expected.
server/areaIntelligence.ts(1510,82): error TS1005: ',' expected.
server/areaIntelligence.ts(1510,85): error TS1005: ',' expected.
server/areaIntelligence.ts(1512,5): error TS1434: Unexpected keyword or identifier.
server/areaIntelligence.ts(1512,29): error TS1005: ';' expected.
server/areaIntelligence.ts(1512,30): error TS1128: Declaration or statement expected.
server/areaIntelligence.ts(1513,12): error TS1005: ';' expected.
server/areaIntelligence.ts(1513,28): error TS1005: ';' expected.
server/areaIntelligence.ts(1513,50): error TS1005: ';' expected.
server/areaIntelligence.ts(1514,12): error TS1005: ';' expected.
server/areaIntelligence.ts(1514,22): error TS1005: ';' expected.
server/areaIntelligence.ts(1514,30): error TS1005: ';' expected.
server/areaIntelligence.ts(1514,40): error TS1005: ';' expected.
server/areaIntelligence.ts(1514,48): error TS1005: ';' expected.
server/areaIntelligence.ts(1514,56): error TS1005: ';' expected.
server/areaIntelligence.ts(1516,5): error TS1435: Unknown keyword or identifier. Did you mean 'from'?
server/areaIntelligence.ts(1516,10): error TS1434: Unexpected keyword or identifier.
server/areaIntelligence.ts(1516,12): error TS1434: Unexpected keyword or identifier.
server/areaIntelligence.ts(1520,5): error TS1435: Unknown keyword or identifier. Did you mean 'with'?
server/areaIntelligence.ts(1520,10): error TS1434: Unexpected keyword or identifier.
server/areaIntelligence.ts(1521,14): error TS1005: ',' expected.
server/areaIntelligence.ts(1521,19): error TS1005: ',' expected.
server/areaIntelligence.ts(1522,26): error TS1005: ',' expected.
server/areaIntelligence.ts(1522,39): error TS1005: ',' expected.
server/areaIntelligence.ts(1522,59): error TS1005: ',' expected.
server/areaIntelligence.ts(1523,26): error TS1005: ',' expected.
server/areaIntelligence.ts(1523,39): error TS1005: ',' expected.
server/areaIntelligence.ts(1523,59): error TS1005: ',' expected.
server/areaIntelligence.ts(1524,7): error TS1005: ',' expected.
server/areaIntelligence.ts(1524,12): error TS1005: ',' expected.
server/areaIntelligence.ts(1524,28): error TS1005: ',' expected.
server/areaIntelligence.ts(1525,7): error TS1005: ',' expected.
server/areaIntelligence.ts(1525,12): error TS1005: ',' expected.
server/areaIntelligence.ts(1525,34): error TS1005: ',' expected.
server/areaIntelligence.ts(1525,36): error TS1005: ',' expected.
server/areaIntelligence.ts(1525,39): error TS1005: ',' expected.
server/areaIntelligence.ts(1526,7): error TS1005: ',' expected.
server/areaIntelligence.ts(1526,13): error TS1005: ',' expected.
server/areaIntelligence.ts(1526,16): error TS1005: ',' expected.
server/areaIntelligence.ts(1528,5): error TS1434: Unexpected keyword or identifier.
server/areaIntelligence.ts(1528,29): error TS1005: ';' expected.
server/areaIntelligence.ts(1528,30): error TS1128: Declaration or statement expected.
server/areaIntelligence.ts(1529,12): error TS1005: ';' expected.
server/areaIntelligence.ts(1529,23): error TS1005: ';' expected.
server/areaIntelligence.ts(1529,36): error TS1005: ')' expected.
server/areaIntelligence.ts(1529,37): error TS1128: Declaration or statement expected.
server/areaIntelligence.ts(1529,51): error TS1005: ';' expected.
server/areaIntelligence.ts(1531,5): error TS1435: Unknown keyword or identifier. Did you mean 'from'?
server/areaIntelligence.ts(1531,10): error TS1434: Unexpected keyword or identifier.
server/areaIntelligence.ts(1531,12): error TS1434: Unexpected keyword or identifier.
server/areaIntelligence.ts(1531,24): error TS1005: ';' expected.
server/areaIntelligence.ts(1531,28): error TS1434: Unexpected keyword or identifier.
server/areaIntelligence.ts(1531,32): error TS1434: Unexpected keyword or identifier.
server/areaIntelligence.ts(1531,35): error TS1434: Unexpected keyword or identifier.
server/areaIntelligence.ts(1535,5): error TS1434: Unexpected keyword or identifier.
server/areaIntelligence.ts(1535,29): error TS1005: ';' expected.
server/areaIntelligence.ts(1535,30): error TS1128: Declaration or statement expected.
server/areaIntelligence.ts(1536,16): error TS1005: ',' expected.
server/areaIntelligence.ts(1536,21): error TS1005: ',' expected.
server/areaIntelligence.ts(1536,37): error TS1005: ',' expected.
server/areaIntelligence.ts(1536,42): error TS1005: ',' expected.
server/areaIntelligence.ts(1536,46): error TS1005: ',' expected.
server/areaIntelligence.ts(1536,51): error TS1005: ',' expected.
server/areaIntelligence.ts(1536,68): error TS1005: ',' expected.
server/areaIntelligence.ts(1536,73): error TS1005: ',' expected.
server/areaIntelligence.ts(1536,76): error TS1005: ',' expected.
server/areaIntelligence.ts(1536,81): error TS1005: ',' expected.
server/areaIntelligence.ts(1536,98): error TS1005: ',' expected.
server/areaIntelligence.ts(1536,103): error TS1005: ',' expected.
server/areaIntelligence.ts(1536,106): error TS1005: ',' expected.
server/areaIntelligence.ts(1536,111): error TS1005: ',' expected.
server/areaIntelligence.ts(1536,114): error TS1005: ',' expected.
server/areaIntelligence.ts(1537,13): error TS1109: Expression expected.
server/areaIntelligence.ts(1537,14): error TS1109: Expression expected.
server/areaIntelligence.ts(1537,15): error TS1005: ';' expected.
server/areaIntelligence.ts(1537,16): error TS1128: Declaration or statement expected.
server/areaIntelligence.ts(1538,5): error TS1435: Unknown keyword or identifier. Did you mean 'from'?
server/areaIntelligence.ts(1538,10): error TS1434: Unexpected keyword or identifier.
server/areaIntelligence.ts(1538,34): error TS1434: Unexpected keyword or identifier.
server/areaIntelligence.ts(1538,40): error TS1434: Unexpected keyword or identifier.
server/areaIntelligence.ts(1543,5): error TS1435: Unknown keyword or identifier. Did you mean 'with'?
server/areaIntelligence.ts(1543,10): error TS1434: Unexpected keyword or identifier.
server/areaIntelligence.ts(1544,14): error TS1005: ',' expected.
server/areaIntelligence.ts(1544,23): error TS1005: ',' expected.
server/areaIntelligence.ts(1544,37): error TS1005: ',' expected.
server/areaIntelligence.ts(1545,7): error TS1005: ',' expected.
server/areaIntelligence.ts(1545,12): error TS1005: ',' expected.
server/areaIntelligence.ts(1545,31): error TS1005: ',' expected.
server/areaIntelligence.ts(1545,37): error TS1005: ',' expected.
server/areaIntelligence.ts(1546,7): error TS1005: ',' expected.
server/areaIntelligence.ts(1546,13): error TS1005: ',' expected.
server/areaIntelligence.ts(1546,16): error TS1005: ',' expected.
server/areaIntelligence.ts(1546,40): error TS1005: ',' expected.
server/areaIntelligence.ts(1547,17): error TS1005: ';' expected.
server/areaIntelligence.ts(1548,14): error TS1005: ',' expected.
server/areaIntelligence.ts(1550,9): error TS1005: ',' expected.
server/areaIntelligence.ts(1550,14): error TS1005: ',' expected.
server/areaIntelligence.ts(1550,42): error TS1005: ',' expected.
server/areaIntelligence.ts(1550,43): error TS1135: Argument expression expected.
server/areaIntelligence.ts(1550,52): error TS1005: ',' expected.
server/areaIntelligence.ts(1550,57): error TS1005: ',' expected.
server/areaIntelligence.ts(1551,9): error TS1005: ',' expected.
server/areaIntelligence.ts(1551,14): error TS1005: ',' expected.
server/areaIntelligence.ts(1551,42): error TS1005: ',' expected.
server/areaIntelligence.ts(1551,43): error TS1135: Argument expression expected.
server/areaIntelligence.ts(1551,53): error TS1005: ',' expected.
server/areaIntelligence.ts(1551,58): error TS1005: ',' expected.
server/areaIntelligence.ts(1552,9): error TS1005: ',' expected.
server/areaIntelligence.ts(1552,14): error TS1005: ',' expected.
server/areaIntelligence.ts(1552,42): error TS1005: ',' expected.
server/areaIntelligence.ts(1552,43): error TS1135: Argument expression expected.
server/areaIntelligence.ts(1552,53): error TS1005: ',' expected.
server/areaIntelligence.ts(1552,58): error TS1005: ',' expected.
server/areaIntelligence.ts(1553,9): error TS1005: ',' expected.
server/areaIntelligence.ts(1553,14): error TS1005: ',' expected.
server/areaIntelligence.ts(1553,42): error TS1005: ',' expected.
server/areaIntelligence.ts(1553,43): error TS1135: Argument expression expected.
server/areaIntelligence.ts(1553,53): error TS1005: ',' expected.
server/areaIntelligence.ts(1553,58): error TS1005: ',' expected.
server/areaIntelligence.ts(1553,61): error TS1005: ',' expected.
server/areaIntelligence.ts(1553,66): error TS1005: ',' expected.
server/areaIntelligence.ts(1553,68): error TS1005: ',' expected.
server/areaIntelligence.ts(1553,72): error TS1005: ',' expected.
server/areaIntelligence.ts(1554,75): error TS1005: ',' expected.
server/areaIntelligence.ts(1555,7): error TS1005: ',' expected.
server/areaIntelligence.ts(1555,12): error TS1005: ',' expected.
server/areaIntelligence.ts(1555,29): error TS1005: ',' expected.
server/areaIntelligence.ts(1556,7): error TS1005: ',' expected.
server/areaIntelligence.ts(1556,12): error TS1005: ',' expected.
server/areaIntelligence.ts(1556,28): error TS1005: ',' expected.
server/areaIntelligence.ts(1556,30): error TS1005: ',' expected.
server/areaIntelligence.ts(1556,33): error TS1005: ',' expected.
server/areaIntelligence.ts(1557,7): error TS1005: ',' expected.
server/areaIntelligence.ts(1557,12): error TS1005: ',' expected.
server/areaIntelligence.ts(1557,21): error TS1005: ',' expected.
server/areaIntelligence.ts(1557,23): error TS1005: ',' expected.
server/areaIntelligence.ts(1557,26): error TS1005: ',' expected.
server/areaIntelligence.ts(1557,45): error TS1005: ',' expected.
server/areaIntelligence.ts(1557,49): error TS1005: ',' expected.
server/areaIntelligence.ts(1558,7): error TS1005: ',' expected.
server/areaIntelligence.ts(1558,12): error TS1005: ',' expected.
server/areaIntelligence.ts(1558,25): error TS1005: ',' expected.
server/areaIntelligence.ts(1558,28): error TS1005: ',' expected.
server/areaIntelligence.ts(1558,31): error TS1005: ',' expected.
server/areaIntelligence.ts(1559,17): error TS1005: ';' expected.
server/areaIntelligence.ts(1560,14): error TS1005: ',' expected.
server/areaIntelligence.ts(1561,90): error TS1005: ',' expected.
server/areaIntelligence.ts(1562,14): error TS1109: Expression expected.
server/areaIntelligence.ts(1562,15): error TS1109: Expression expected.
server/areaIntelligence.ts(1562,17): error TS1005: ',' expected.
server/areaIntelligence.ts(1562,30): error TS1005: ',' expected.
server/areaIntelligence.ts(1562,42): error TS1005: ',' expected.
server/areaIntelligence.ts(1562,43): error TS1135: Argument expression expected.
server/areaIntelligence.ts(1562,48): error TS1005: ',' expected.
server/areaIntelligence.ts(1563,7): error TS1005: ',' expected.
server/areaIntelligence.ts(1563,12): error TS1005: ',' expected.
server/areaIntelligence.ts(1563,21): error TS1005: ',' expected.
server/areaIntelligence.ts(1563,27): error TS1005: ',' expected.
server/areaIntelligence.ts(1563,39): error TS1005: ',' expected.
server/areaIntelligence.ts(1563,45): error TS1005: ',' expected.
server/areaIntelligence.ts(1563,48): error TS1005: ',' expected.
server/areaIntelligence.ts(1564,17): error TS1005: ';' expected.
server/areaIntelligence.ts(1565,14): error TS1005: ',' expected.
server/areaIntelligence.ts(1566,90): error TS1005: ',' expected.
server/areaIntelligence.ts(1567,7): error TS1005: ',' expected.
server/areaIntelligence.ts(1567,12): error TS1005: ',' expected.
server/areaIntelligence.ts(1567,21): error TS1005: ',' expected.
server/areaIntelligence.ts(1567,27): error TS1005: ',' expected.
server/areaIntelligence.ts(1567,39): error TS1005: ',' expected.
server/areaIntelligence.ts(1567,45): error TS1005: ',' expected.
server/areaIntelligence.ts(1567,48): error TS1005: ',' expected.
server/areaIntelligence.ts(1569,5): error TS1434: Unexpected keyword or identifier.
server/areaIntelligence.ts(1570,5): error TS1435: Unknown keyword or identifier. Did you mean 'from'?
server/areaIntelligence.ts(1570,10): error TS1434: Unexpected keyword or identifier.
server/areaIntelligence.ts(1570,19): error TS1434: Unexpected keyword or identifier.
server/areaIntelligence.ts(1570,21): error TS1435: Unknown keyword or identifier. Did you mean 'let'?
server/areaIntelligence.ts(1570,26): error TS1434: Unexpected keyword or identifier.
server/areaIntelligence.ts(1570,31): error TS1434: Unexpected keyword or identifier.
server/areaIntelligence.ts(1570,40): error TS1434: Unexpected keyword or identifier.
server/areaIntelligence.ts(1575,7): error TS1434: Unexpected keyword or identifier.
server/areaIntelligence.ts(1575,14): error TS1434: Unexpected keyword or identifier.
server/areaIntelligence.ts(1576,19): error TS1005: ',' expected.
server/areaIntelligence.ts(1576,20): error TS1135: Argument expression expected.
server/areaIntelligence.ts(1576,64): error TS1005: ',' expected.
server/areaIntelligence.ts(1576,65): error TS1135: Argument expression expected.
server/areaIntelligence.ts(1577,42): error TS1005: ',' expected.
server/areaIntelligence.ts(1577,43): error TS1135: Argument expression expected.
server/areaIntelligence.ts(1577,67): error TS1005: ',' expected.
server/areaIntelligence.ts(1577,68): error TS1135: Argument expression expected.
server/areaIntelligence.ts(1577,92): error TS1005: ',' expected.
server/areaIntelligence.ts(1577,93): error TS1135: Argument expression expected.
server/areaIntelligence.ts(1578,7): error TS1434: Unexpected keyword or identifier.
server/areaIntelligence.ts(1578,50): error TS1005: ';' expected.
server/areaIntelligence.ts(1578,53): error TS1434: Unexpected keyword or identifier.
server/areaIntelligence.ts(1589,5): error TS1435: Unknown keyword or identifier. Did you mean 'with'?
server/areaIntelligence.ts(1589,10): error TS1434: Unexpected keyword or identifier.
server/areaIntelligence.ts(1590,14): error TS1005: ',' expected.
server/areaIntelligence.ts(1590,23): error TS1005: ',' expected.
server/areaIntelligence.ts(1591,9): error TS1005: ',' expected.
server/areaIntelligence.ts(1592,7): error TS1005: ',' expected.
server/areaIntelligence.ts(1592,12): error TS1005: ',' expected.
server/areaIntelligence.ts(1592,34): error TS1005: ',' expected.
server/areaIntelligence.ts(1592,36): error TS1005: ',' expected.
server/areaIntelligence.ts(1592,42): error TS1005: ',' expected.
server/areaIntelligence.ts(1592,45): error TS1005: ',' expected.
server/areaIntelligence.ts(1592,81): error TS1005: ',' expected.
server/areaIntelligence.ts(1592,102): error TS1005: ',' expected.
server/areaIntelligence.ts(1594,5): error TS1434: Unexpected keyword or identifier.
server/areaIntelligence.ts(1594,17): error TS1005: ';' expected.
server/areaIntelligence.ts(1596,22): error TS1005: ',' expected.
server/areaIntelligence.ts(1596,35): error TS1005: ',' expected.
server/areaIntelligence.ts(1596,38): error TS1005: ',' expected.
server/areaIntelligence.ts(1596,42): error TS1005: ',' expected.
server/areaIntelligence.ts(1596,48): error TS1005: ';' expected.
server/areaIntelligence.ts(1597,5): error TS1435: Unknown keyword or identifier. Did you mean 'from'?
server/areaIntelligence.ts(1597,10): error TS1434: Unexpected keyword or identifier.
server/areaIntelligence.ts(1597,26): error TS1434: Unexpected keyword or identifier.
server/areaIntelligence.ts(1597,28): error TS1435: Unknown keyword or identifier. Did you mean 'let'?
server/areaIntelligence.ts(1597,33): error TS1434: Unexpected keyword or identifier.
server/areaIntelligence.ts(1597,38): error TS1434: Unexpected keyword or identifier.
server/areaIntelligence.ts(1597,45): error TS1434: Unexpected keyword or identifier.
server/areaIntelligence.ts(1597,47): error TS1434: Unexpected keyword or identifier.
server/areaIntelligence.ts(1598,5): error TS1434: Unexpected keyword or identifier.
server/areaIntelligence.ts(1598,11): error TS1434: Unexpected keyword or identifier.
server/areaIntelligence.ts(1633,7): error TS1434: Unexpected keyword or identifier.
server/areaIntelligence.ts(1633,14): error TS1434: Unexpected keyword or identifier.
server/areaIntelligence.ts(1635,40): error TS1005: ',' expected.
server/areaIntelligence.ts(1635,41): error TS1135: Argument expression expected.
server/areaIntelligence.ts(1635,51): error TS1005: ',' expected.
server/areaIntelligence.ts(1635,52): error TS1135: Argument expression expected.
server/areaIntelligence.ts(1638,7): error TS1434: Unexpected keyword or identifier.
server/areaIntelligence.ts(1638,14): error TS1434: Unexpected keyword or identifier.
server/areaIntelligence.ts(1641,7): error TS1434: Unexpected keyword or identifier.
server/areaIntelligence.ts(1641,28): error TS1005: ';' expected.
server/areaIntelligence.ts(1641,31): error TS1434: Unexpected keyword or identifier.
server/areaIntelligence.ts(1671,7): error TS1434: Unexpected keyword or identifier.
server/areaIntelligence.ts(1671,14): error TS1434: Unexpected keyword or identifier.
server/areaIntelligence.ts(1671,32): error TS1435: Unknown keyword or identifier. Did you mean 'set'?
server/areaIntelligence.ts(1672,39): error TS1005: ';' expected.
server/areaIntelligence.ts(1672,40): error TS1128: Declaration or statement expected.
server/areaIntelligence.ts(1672,41): error TS1434: Unexpected keyword or identifier.
server/areaIntelligence.ts(1672,47): error TS1434: Unexpected keyword or identifier.
server/areaIntelligence.ts(1687,6): error TS1005: ';' expected.
server/areaIntelligence.ts(1704,5): error TS1005: ',' expected.
server/areaIntelligence.ts(1704,12): error TS1005: ',' expected.
server/areaIntelligence.ts(1704,17): error TS1005: ',' expected.
server/areaIntelligence.ts(1705,5): error TS1005: ',' expected.
server/areaIntelligence.ts(1705,12): error TS1005: ',' expected.
server/areaIntelligence.ts(1705,59): error TS1005: ',' expected.
server/areaIntelligence.ts(1705,60): error TS1135: Argument expression expected.
server/areaIntelligence.ts(1707,17): error TS1005: ',' expected.
server/areaIntelligence.ts(1707,22): error TS1005: ',' expected.
server/areaIntelligence.ts(1707,29): error TS1005: ',' expected.
server/areaIntelligence.ts(1707,32): error TS1005: ',' expected.
server/areaIntelligence.ts(1707,37): error TS1005: ',' expected.
server/areaIntelligence.ts(1707,42): error TS1005: ',' expected.
server/areaIntelligence.ts(1707,47): error TS1005: ',' expected.
server/areaIntelligence.ts(1707,52): error TS1005: ',' expected.
server/areaIntelligence.ts(1707,78): error TS1005: ',' expected.
server/areaIntelligence.ts(1708,5): error TS1005: ',' expected.
server/areaIntelligence.ts(1708,10): error TS1005: ',' expected.
server/areaIntelligence.ts(1708,28): error TS1005: ',' expected.
server/areaIntelligence.ts(1709,5): error TS1005: ',' expected.
server/areaIntelligence.ts(1709,10): error TS1005: ',' expected.
server/areaIntelligence.ts(1709,15): error TS1005: ',' expected.
server/areaIntelligence.ts(1709,22): error TS1005: ',' expected.
server/areaIntelligence.ts(1709,24): error TS1005: ',' expected.
server/areaIntelligence.ts(1709,27): error TS1005: ',' expected.
server/areaIntelligence.ts(1710,5): error TS1005: ',' expected.
server/areaIntelligence.ts(1710,11): error TS1005: ',' expected.
server/areaIntelligence.ts(1711,5): error TS1005: ',' expected.
server/areaIntelligence.ts(1711,8): error TS1005: ',' expected.
server/areaIntelligence.ts(1711,68): error TS1005: ',' expected.
server/areaIntelligence.ts(1711,71): error TS1005: ',' expected.
server/areaIntelligence.ts(1711,78): error TS1005: ',' expected.
server/areaIntelligence.ts(1712,7): error TS1005: ',' expected.
server/areaIntelligence.ts(1714,5): error TS1005: ',' expected.
server/areaIntelligence.ts(1714,15): error TS1005: ',' expected.
server/areaIntelligence.ts(1722,5): error TS1005: ',' expected.
server/areaIntelligence.ts(1722,12): error TS1005: ',' expected.
server/areaIntelligence.ts(1722,17): error TS1005: ',' expected.
server/areaIntelligence.ts(1723,5): error TS1005: ',' expected.
server/areaIntelligence.ts(1723,12): error TS1005: ',' expected.
server/areaIntelligence.ts(1724,5): error TS1005: ',' expected.
server/areaIntelligence.ts(1724,10): error TS1005: ',' expected.
server/areaIntelligence.ts(1724,23): error TS1005: ',' expected.
server/areaIntelligence.ts(1725,5): error TS1005: ',' expected.
server/areaIntelligence.ts(1725,10): error TS1005: ',' expected.
server/areaIntelligence.ts(1725,18): error TS1005: ',' expected.
server/areaIntelligence.ts(1725,20): error TS1005: ',' expected.
server/areaIntelligence.ts(1725,23): error TS1005: ',' expected.
server/areaIntelligence.ts(1726,5): error TS1005: ',' expected.
server/areaIntelligence.ts(1726,10): error TS1005: ',' expected.
server/areaIntelligence.ts(1726,26): error TS1005: ',' expected.
server/areaIntelligence.ts(1726,28): error TS1005: ',' expected.
server/areaIntelligence.ts(1726,31): error TS1005: ',' expected.
server/areaIntelligence.ts(1727,5): error TS1005: ',' expected.
server/areaIntelligence.ts(1727,8): error TS1005: ',' expected.
server/areaIntelligence.ts(1727,33): error TS1005: ',' expected.
server/areaIntelligence.ts(1727,36): error TS1005: ',' expected.
server/areaIntelligence.ts(1727,43): error TS1005: ',' expected.
server/areaIntelligence.ts(1728,7): error TS1005: ',' expected.
server/areaIntelligence.ts(1730,5): error TS1005: ',' expected.
server/areaIntelligence.ts(1730,15): error TS1005: ',' expected.
server/areaIntelligence.ts(1735,5): error TS1005: ',' expected.
server/areaIntelligence.ts(1735,12): error TS1005: ',' expected.
server/areaIntelligence.ts(1735,17): error TS1005: ',' expected.
server/areaIntelligence.ts(1736,5): error TS1005: ',' expected.
server/areaIntelligence.ts(1736,12): error TS1005: ',' expected.
server/areaIntelligence.ts(1736,21): error TS1005: ',' expected.
server/areaIntelligence.ts(1736,30): error TS1005: ',' expected.
server/areaIntelligence.ts(1737,5): error TS1005: ',' expected.
server/areaIntelligence.ts(1737,10): error TS1005: ',' expected.
server/areaIntelligence.ts(1737,23): error TS1005: ',' expected.
server/areaIntelligence.ts(1738,5): error TS1005: ',' expected.
server/areaIntelligence.ts(1738,10): error TS1005: ',' expected.
server/areaIntelligence.ts(1738,18): error TS1005: ',' expected.
server/areaIntelligence.ts(1738,20): error TS1005: ',' expected.
server/areaIntelligence.ts(1738,23): error TS1005: ',' expected.
server/areaIntelligence.ts(1738,40): error TS1005: ',' expected.
server/areaIntelligence.ts(1738,44): error TS1005: ',' expected.
server/areaIntelligence.ts(1738,51): error TS1005: ',' expected.
server/areaIntelligence.ts(1738,54): error TS1005: ',' expected.
server/areaIntelligence.ts(1738,58): error TS1005: ',' expected.
server/areaIntelligence.ts(1739,5): error TS1005: ',' expected.
server/areaIntelligence.ts(1739,10): error TS1005: ',' expected.
server/areaIntelligence.ts(1739,26): error TS1005: ',' expected.
server/areaIntelligence.ts(1739,28): error TS1005: ',' expected.
server/areaIntelligence.ts(1739,31): error TS1005: ',' expected.
server/areaIntelligence.ts(1739,38): error TS1005: ',' expected.
server/areaIntelligence.ts(1739,41): error TS1005: ',' expected.
server/areaIntelligence.ts(1739,45): error TS1005: ',' expected.
server/areaIntelligence.ts(1739,50): error TS1005: ',' expected.
server/areaIntelligence.ts(1739,54): error TS1005: ',' expected.
server/areaIntelligence.ts(1740,5): error TS1005: ',' expected.
server/areaIntelligence.ts(1740,10): error TS1005: ',' expected.
server/areaIntelligence.ts(1740,15): error TS1005: ',' expected.
server/areaIntelligence.ts(1740,36): error TS1005: ',' expected.
server/areaIntelligence.ts(1740,38): error TS1005: ',' expected.
server/areaIntelligence.ts(1740,41): error TS1005: ',' expected.
server/areaIntelligence.ts(1741,5): error TS1005: ',' expected.
server/areaIntelligence.ts(1741,11): error TS1005: ',' expected.
server/areaIntelligence.ts(1741,28): error TS1005: ',' expected.
server/areaIntelligence.ts(1741,31): error TS1005: ',' expected.
server/areaIntelligence.ts(1742,5): error TS1005: ',' expected.
server/areaIntelligence.ts(1742,11): error TS1005: ',' expected.
server/areaIntelligence.ts(1742,14): error TS1005: ',' expected.
server/areaIntelligence.ts(1743,5): error TS1005: ',' expected.
server/areaIntelligence.ts(1743,8): error TS1005: ',' expected.
server/areaIntelligence.ts(1743,33): error TS1005: ',' expected.
server/areaIntelligence.ts(1743,36): error TS1005: ',' expected.
server/areaIntelligence.ts(1744,5): error TS1005: ',' expected.
server/areaIntelligence.ts(1744,15): error TS1005: ',' expected.
server/areaIntelligence.ts(1749,5): error TS1005: ',' expected.
server/areaIntelligence.ts(1749,10): error TS1005: ',' expected.
server/areaIntelligence.ts(1749,25): error TS1005: ',' expected.
server/areaIntelligence.ts(1750,14): error TS1005: ',' expected.
server/areaIntelligence.ts(1750,44): error TS1005: ',' expected.
server/areaIntelligence.ts(1751,19): error TS1005: ',' expected.
server/areaIntelligence.ts(1751,24): error TS1005: ',' expected.
server/areaIntelligence.ts(1751,31): error TS1005: ',' expected.
server/areaIntelligence.ts(1751,34): error TS1005: ',' expected.
server/areaIntelligence.ts(1751,38): error TS1005: ',' expected.
server/areaIntelligence.ts(1751,43): error TS1005: ',' expected.
server/areaIntelligence.ts(1751,48): error TS1005: ',' expected.
server/areaIntelligence.ts(1751,65): error TS1005: ',' expected.
server/areaIntelligence.ts(1751,70): error TS1005: ',' expected.
server/areaIntelligence.ts(1751,92): error TS1005: ',' expected.
server/areaIntelligence.ts(1751,96): error TS1005: ',' expected.
server/areaIntelligence.ts(1752,7): error TS1005: ',' expected.
server/areaIntelligence.ts(1752,12): error TS1005: ',' expected.
server/areaIntelligence.ts(1752,21): error TS1005: ',' expected.
server/areaIntelligence.ts(1753,7): error TS1005: ',' expected.
server/areaIntelligence.ts(1753,12): error TS1005: ',' expected.
server/areaIntelligence.ts(1753,17): error TS1005: ',' expected.
server/areaIntelligence.ts(1753,27): error TS1005: ',' expected.
server/areaIntelligence.ts(1753,29): error TS1005: ',' expected.
server/areaIntelligence.ts(1753,32): error TS1005: ',' expected.
server/areaIntelligence.ts(1754,7): error TS1005: ',' expected.
server/areaIntelligence.ts(1754,12): error TS1005: ',' expected.
server/areaIntelligence.ts(1754,17): error TS1005: ',' expected.
server/areaIntelligence.ts(1754,28): error TS1005: ',' expected.
server/areaIntelligence.ts(1754,31): error TS1005: ',' expected.
server/areaIntelligence.ts(1754,34): error TS1005: ',' expected.
server/areaIntelligence.ts(1755,7): error TS1005: ',' expected.
server/areaIntelligence.ts(1755,12): error TS1005: ',' expected.
server/areaIntelligence.ts(1755,17): error TS1005: ',' expected.
server/areaIntelligence.ts(1755,27): error TS1005: ',' expected.
server/areaIntelligence.ts(1755,30): error TS1005: ',' expected.
server/areaIntelligence.ts(1755,33): error TS1005: ',' expected.
server/areaIntelligence.ts(1756,7): error TS1005: ',' expected.
server/areaIntelligence.ts(1756,13): error TS1005: ',' expected.
server/areaIntelligence.ts(1756,38): error TS1005: ',' expected.
server/areaIntelligence.ts(1756,41): error TS1005: ',' expected.
server/areaIntelligence.ts(1756,45): error TS1005: ',' expected.
server/areaIntelligence.ts(1758,5): error TS1005: ',' expected.
server/areaIntelligence.ts(1758,12): error TS1005: ',' expected.
server/areaIntelligence.ts(1758,17): error TS1005: ',' expected.
server/areaIntelligence.ts(1759,5): error TS1005: ',' expected.
server/areaIntelligence.ts(1759,12): error TS1005: ',' expected.
server/areaIntelligence.ts(1759,21): error TS1005: ',' expected.
server/areaIntelligence.ts(1759,31): error TS1005: ',' expected.
server/areaIntelligence.ts(1760,12): error TS1005: ',' expected.
server/areaIntelligence.ts(1760,17): error TS1005: ',' expected.
server/areaIntelligence.ts(1760,44): error TS1005: ',' expected.
server/areaIntelligence.ts(1760,49): error TS1005: ',' expected.
server/areaIntelligence.ts(1760,53): error TS1005: ',' expected.
server/areaIntelligence.ts(1760,58): error TS1005: ',' expected.
server/areaIntelligence.ts(1760,62): error TS1005: ',' expected.
server/areaIntelligence.ts(1761,5): error TS1005: ',' expected.
server/areaIntelligence.ts(1761,10): error TS1005: ',' expected.
server/areaIntelligence.ts(1761,25): error TS1005: ',' expected.
server/areaIntelligence.ts(1762,5): error TS1005: ',' expected.
server/areaIntelligence.ts(1762,10): error TS1005: ',' expected.
server/areaIntelligence.ts(1762,26): error TS1005: ',' expected.
server/areaIntelligence.ts(1762,28): error TS1005: ',' expected.
server/areaIntelligence.ts(1762,31): error TS1005: ',' expected.
server/areaIntelligence.ts(1762,38): error TS1005: ',' expected.
server/areaIntelligence.ts(1762,41): error TS1005: ',' expected.
server/areaIntelligence.ts(1762,45): error TS1005: ',' expected.
server/areaIntelligence.ts(1762,50): error TS1005: ',' expected.
server/areaIntelligence.ts(1762,54): error TS1005: ',' expected.
server/areaIntelligence.ts(1763,5): error TS1005: ',' expected.
server/areaIntelligence.ts(1763,11): error TS1005: ',' expected.
server/areaIntelligence.ts(1763,14): error TS1005: ',' expected.
server/areaIntelligence.ts(1764,5): error TS1005: ',' expected.
server/areaIntelligence.ts(1764,8): error TS1005: ',' expected.
server/areaIntelligence.ts(1764,29): error TS1005: ',' expected.
server/areaIntelligence.ts(1764,32): error TS1005: ',' expected.
server/areaIntelligence.ts(1764,39): error TS1005: ',' expected.
server/areaIntelligence.ts(1765,7): error TS1005: ',' expected.
server/areaIntelligence.ts(1767,5): error TS1005: ',' expected.
server/areaIntelligence.ts(1767,15): error TS1005: ',' expected.
server/areaIntelligence.ts(1772,5): error TS1005: ',' expected.
server/areaIntelligence.ts(1772,12): error TS1005: ',' expected.
server/areaIntelligence.ts(1772,17): error TS1005: ',' expected.
server/areaIntelligence.ts(1773,5): error TS1005: ',' expected.
server/areaIntelligence.ts(1773,12): error TS1005: ',' expected.
server/areaIntelligence.ts(1774,12): error TS1005: ',' expected.
server/areaIntelligence.ts(1774,17): error TS1005: ',' expected.
server/areaIntelligence.ts(1774,31): error TS1005: ',' expected.
server/areaIntelligence.ts(1774,32): error TS1135: Argument expression expected.
server/areaIntelligence.ts(1775,9): error TS1005: ',' expected.
server/areaIntelligence.ts(1775,14): error TS1005: ',' expected.
server/areaIntelligence.ts(1775,52): error TS1005: ',' expected.
server/areaIntelligence.ts(1775,53): error TS1135: Argument expression expected.
server/areaIntelligence.ts(1775,79): error TS1005: ',' expected.
server/areaIntelligence.ts(1775,80): error TS1135: Argument expression expected.
server/areaIntelligence.ts(1775,92): error TS1005: ',' expected.
server/areaIntelligence.ts(1777,5): error TS1005: ',' expected.
server/areaIntelligence.ts(1777,10): error TS1005: ',' expected.
server/areaIntelligence.ts(1777,27): error TS1005: ',' expected.
server/areaIntelligence.ts(1778,5): error TS1005: ',' expected.
server/areaIntelligence.ts(1778,10): error TS1005: ',' expected.
server/areaIntelligence.ts(1778,26): error TS1005: ',' expected.
server/areaIntelligence.ts(1778,28): error TS1005: ',' expected.
server/areaIntelligence.ts(1778,31): error TS1005: ',' expected.
server/areaIntelligence.ts(1778,38): error TS1005: ',' expected.
server/areaIntelligence.ts(1778,41): error TS1005: ',' expected.
server/areaIntelligence.ts(1778,45): error TS1005: ',' expected.
server/areaIntelligence.ts(1778,50): error TS1005: ',' expected.
server/areaIntelligence.ts(1778,54): error TS1005: ',' expected.
server/areaIntelligence.ts(1778,61): error TS1005: ',' expected.
server/areaIntelligence.ts(1778,64): error TS1005: ',' expected.
server/areaIntelligence.ts(1778,68): error TS1005: ',' expected.
server/areaIntelligence.ts(1778,73): error TS1005: ',' expected.
server/areaIntelligence.ts(1778,77): error TS1005: ',' expected.
server/areaIntelligence.ts(1779,5): error TS1005: ',' expected.
server/areaIntelligence.ts(1779,8): error TS1005: ',' expected.
server/areaIntelligence.ts(1779,37): error TS1005: ',' expected.
server/areaIntelligence.ts(1779,40): error TS1005: ',' expected.
server/areaIntelligence.ts(1779,47): error TS1005: ',' expected.
server/areaIntelligence.ts(1779,51): error TS1005: ',' expected.
server/areaIntelligence.ts(1780,5): error TS1005: ',' expected.
server/areaIntelligence.ts(1780,15): error TS1005: ',' expected.
server/areaIntelligence.ts(1785,5): error TS1005: ',' expected.
server/areaIntelligence.ts(1785,12): error TS1005: ',' expected.
server/areaIntelligence.ts(1785,17): error TS1005: ',' expected.
server/areaIntelligence.ts(1786,5): error TS1005: ',' expected.
server/areaIntelligence.ts(1786,12): error TS1005: ',' expected.
server/areaIntelligence.ts(1786,40): error TS1005: ',' expected.
server/areaIntelligence.ts(1786,41): error TS1135: Argument expression expected.
server/areaIntelligence.ts(1786,58): error TS1005: ',' expected.
server/areaIntelligence.ts(1786,59): error TS1135: Argument expression expected.
server/areaIntelligence.ts(1787,5): error TS1005: ',' expected.
server/areaIntelligence.ts(1787,10): error TS1005: ',' expected.
server/areaIntelligence.ts(1787,34): error TS1005: ',' expected.
server/areaIntelligence.ts(1788,5): error TS1005: ',' expected.
server/areaIntelligence.ts(1788,10): error TS1005: ',' expected.
server/areaIntelligence.ts(1788,26): error TS1005: ',' expected.
server/areaIntelligence.ts(1788,28): error TS1005: ',' expected.
server/areaIntelligence.ts(1788,31): error TS1005: ',' expected.
server/areaIntelligence.ts(1788,38): error TS1005: ',' expected.
server/areaIntelligence.ts(1788,41): error TS1005: ',' expected.
server/areaIntelligence.ts(1788,45): error TS1005: ',' expected.
server/areaIntelligence.ts(1788,50): error TS1005: ',' expected.
server/areaIntelligence.ts(1788,54): error TS1005: ',' expected.
server/areaIntelligence.ts(1788,61): error TS1005: ',' expected.
server/areaIntelligence.ts(1788,64): error TS1005: ',' expected.
server/areaIntelligence.ts(1788,68): error TS1005: ',' expected.
server/areaIntelligence.ts(1789,7): error TS1005: ',' expected.
server/areaIntelligence.ts(1789,11): error TS1005: ',' expected.
server/areaIntelligence.ts(1789,28): error TS1005: ',' expected.
server/areaIntelligence.ts(1789,29): error TS1135: Argument expression expected.
server/areaIntelligence.ts(1789,46): error TS1005: ',' expected.
server/areaIntelligence.ts(1789,47): error TS1135: Argument expression expected.
server/areaIntelligence.ts(1790,5): error TS1005: ',' expected.
server/areaIntelligence.ts(1790,8): error TS1005: ',' expected.
server/areaIntelligence.ts(1790,37): error TS1005: ',' expected.
server/areaIntelligence.ts(1790,40): error TS1005: ',' expected.
server/areaIntelligence.ts(1790,47): error TS1005: ',' expected.
server/areaIntelligence.ts(1790,51): error TS1005: ',' expected.
server/areaIntelligence.ts(1791,5): error TS1005: ',' expected.
server/areaIntelligence.ts(1791,15): error TS1005: ',' expected.
server/areaIntelligence.ts(1799,5): error TS1005: ',' expected.
server/areaIntelligence.ts(1799,12): error TS1005: ',' expected.
server/areaIntelligence.ts(1799,17): error TS1005: ',' expected.
server/areaIntelligence.ts(1800,5): error TS1005: ',' expected.
server/areaIntelligence.ts(1800,6): error TS1005: ',' expected.
server/areaIntelligence.ts(1801,5): error TS1005: ',' expected.
server/areaIntelligence.ts(1801,8): error TS1005: ',' expected.
server/areaIntelligence.ts(1801,48): error TS1005: ',' expected.
server/areaIntelligence.ts(1801,51): error TS1005: ',' expected.
server/areaIntelligence.ts(1801,58): error TS1005: ',' expected.
server/areaIntelligence.ts(1802,7): error TS1005: ',' expected.
server/areaIntelligence.ts(1804,5): error TS1005: ',' expected.
server/areaIntelligence.ts(1804,15): error TS1005: ',' expected.
server/areaIntelligence.ts(1813,5): error TS1005: ',' expected.
server/areaIntelligence.ts(1813,12): error TS1005: ',' expected.
server/areaIntelligence.ts(1813,31): error TS1005: ',' expected.
server/areaIntelligence.ts(1813,32): error TS1135: Argument expression expected.
server/areaIntelligence.ts(1813,68): error TS1109: Expression expected.
server/areaIntelligence.ts(1813,69): error TS1109: Expression expected.
server/areaIntelligence.ts(1813,70): error TS1005: ',' expected.
server/areaIntelligence.ts(1813,71): error TS1135: Argument expression expected.
server/areaIntelligence.ts(1813,86): error TS1109: Expression expected.
server/areaIntelligence.ts(1813,87): error TS1109: Expression expected.
server/areaIntelligence.ts(1813,88): error TS1005: ',' expected.
server/areaIntelligence.ts(1813,89): error TS1135: Argument expression expected.
server/areaIntelligence.ts(1814,21): error TS1109: Expression expected.
server/areaIntelligence.ts(1814,22): error TS1109: Expression expected.
server/areaIntelligence.ts(1814,23): error TS1005: ',' expected.
server/areaIntelligence.ts(1814,24): error TS1135: Argument expression expected.
server/areaIntelligence.ts(1815,5): error TS1005: ',' expected.
server/areaIntelligence.ts(1815,10): error TS1005: ',' expected.
server/areaIntelligence.ts(1815,31): error TS1005: ',' expected.
server/areaIntelligence.ts(1815,33): error TS1005: ',' expected.
server/areaIntelligence.ts(1815,38): error TS1005: ',' expected.
server/areaIntelligence.ts(1815,51): error TS1005: ',' expected.
server/areaIntelligence.ts(1815,53): error TS1005: ',' expected.
server/areaIntelligence.ts(1815,56): error TS1005: ',' expected.
server/areaIntelligence.ts(1816,5): error TS1005: ',' expected.
server/areaIntelligence.ts(1816,11): error TS1005: ',' expected.
server/areaIntelligence.ts(1816,46): error TS1005: ',' expected.
server/areaIntelligence.ts(1817,5): error TS1005: ',' expected.
server/areaIntelligence.ts(1817,11): error TS1005: ',' expected.
server/areaIntelligence.ts(1817,14): error TS1005: ',' expected.
server/areaIntelligence.ts(1821,5): error TS1005: ',' expected.
server/areaIntelligence.ts(1821,12): error TS1005: ',' expected.
server/areaIntelligence.ts(1821,31): error TS1005: ',' expected.
server/areaIntelligence.ts(1821,32): error TS1135: Argument expression expected.
server/areaIntelligence.ts(1822,27): error TS1005: ',' expected.
server/areaIntelligence.ts(1822,34): error TS1005: ',' expected.
server/areaIntelligence.ts(1822,46): error TS1005: ',' expected.
server/areaIntelligence.ts(1822,49): error TS1005: ',' expected.
server/areaIntelligence.ts(1822,65): error TS1109: Expression expected.
server/areaIntelligence.ts(1822,66): error TS1109: Expression expected.
server/areaIntelligence.ts(1822,67): error TS1005: ',' expected.
server/areaIntelligence.ts(1822,68): error TS1135: Argument expression expected.
server/areaIntelligence.ts(1823,21): error TS1109: Expression expected.
server/areaIntelligence.ts(1823,22): error TS1109: Expression expected.
server/areaIntelligence.ts(1823,23): error TS1005: ',' expected.
server/areaIntelligence.ts(1823,24): error TS1135: Argument expression expected.
server/areaIntelligence.ts(1824,5): error TS1005: ',' expected.
server/areaIntelligence.ts(1824,10): error TS1005: ',' expected.
server/areaIntelligence.ts(1824,31): error TS1005: ',' expected.
server/areaIntelligence.ts(1824,33): error TS1005: ',' expected.
server/areaIntelligence.ts(1824,38): error TS1005: ',' expected.
server/areaIntelligence.ts(1824,51): error TS1005: ',' expected.
server/areaIntelligence.ts(1824,53): error TS1005: ',' expected.
server/areaIntelligence.ts(1824,56): error TS1005: ',' expected.
server/areaIntelligence.ts(1825,5): error TS1005: ',' expected.
server/areaIntelligence.ts(1825,11): error TS1005: ',' expected.
server/areaIntelligence.ts(1825,46): error TS1005: ',' expected.
server/areaIntelligence.ts(1825,58): error TS1005: ',' expected.
server/areaIntelligence.ts(1825,62): error TS1005: ',' expected.
server/areaIntelligence.ts(1826,5): error TS1005: ',' expected.
server/areaIntelligence.ts(1826,11): error TS1005: ',' expected.
server/areaIntelligence.ts(1826,14): error TS1005: ',' expected.
server/areaIntelligence.ts(1830,5): error TS1005: ',' expected.
server/areaIntelligence.ts(1830,10): error TS1005: ',' expected.
server/areaIntelligence.ts(1830,12): error TS1005: ',' expected.
server/areaIntelligence.ts(1831,14): error TS1005: ',' expected.
server/areaIntelligence.ts(1832,28): error TS1005: ',' expected.
server/areaIntelligence.ts(1832,35): error TS1005: ',' expected.
server/areaIntelligence.ts(1832,47): error TS1005: ',' expected.
server/areaIntelligence.ts(1832,50): error TS1005: ',' expected.
server/areaIntelligence.ts(1832,60): error TS1005: ',' expected.
server/areaIntelligence.ts(1832,73): error TS1005: ',' expected.
server/areaIntelligence.ts(1832,108): error TS1005: ',' expected.
server/areaIntelligence.ts(1832,121): error TS1005: ',' expected.
server/areaIntelligence.ts(1833,28): error TS1005: ',' expected.
server/areaIntelligence.ts(1833,35): error TS1005: ',' expected.
server/areaIntelligence.ts(1833,47): error TS1005: ',' expected.
server/areaIntelligence.ts(1833,50): error TS1005: ',' expected.
server/areaIntelligence.ts(1833,60): error TS1005: ',' expected.
server/areaIntelligence.ts(1833,73): error TS1005: ',' expected.
server/areaIntelligence.ts(1833,108): error TS1005: ',' expected.
server/areaIntelligence.ts(1833,120): error TS1005: ',' expected.
server/areaIntelligence.ts(1833,124): error TS1005: ',' expected.
server/areaIntelligence.ts(1833,158): error TS1005: ',' expected.
server/areaIntelligence.ts(1833,171): error TS1005: ',' expected.
server/areaIntelligence.ts(1834,14): error TS1109: Expression expected.
server/areaIntelligence.ts(1834,15): error TS1109: Expression expected.
server/areaIntelligence.ts(1834,17): error TS1005: ',' expected.
server/areaIntelligence.ts(1834,30): error TS1005: ',' expected.
server/areaIntelligence.ts(1834,65): error TS1005: ',' expected.
server/areaIntelligence.ts(1834,77): error TS1005: ',' expected.
server/areaIntelligence.ts(1834,78): error TS1135: Argument expression expected.
server/areaIntelligence.ts(1834,83): error TS1005: ',' expected.
server/areaIntelligence.ts(1835,7): error TS1005: ',' expected.
server/areaIntelligence.ts(1835,12): error TS1005: ',' expected.
server/areaIntelligence.ts(1835,33): error TS1005: ',' expected.
server/areaIntelligence.ts(1835,35): error TS1005: ',' expected.
server/areaIntelligence.ts(1835,40): error TS1005: ',' expected.
server/areaIntelligence.ts(1835,53): error TS1005: ',' expected.
server/areaIntelligence.ts(1835,55): error TS1005: ',' expected.
server/areaIntelligence.ts(1835,58): error TS1005: ',' expected.
server/areaIntelligence.ts(1836,7): error TS1005: ',' expected.
server/areaIntelligence.ts(1836,13): error TS1005: ',' expected.
server/areaIntelligence.ts(1836,24): error TS1005: ',' expected.
server/areaIntelligence.ts(1836,28): error TS1005: ',' expected.
server/areaIntelligence.ts(1836,63): error TS1005: ',' expected.
server/areaIntelligence.ts(1837,7): error TS1005: ',' expected.
server/areaIntelligence.ts(1837,13): error TS1005: ',' expected.
server/areaIntelligence.ts(1837,16): error TS1005: ',' expected.
server/areaIntelligence.ts(1839,5): error TS1005: ',' expected.
server/areaIntelligence.ts(1839,12): error TS1005: ',' expected.
server/areaIntelligence.ts(1839,29): error TS1005: ',' expected.
server/areaIntelligence.ts(1839,30): error TS1135: Argument expression expected.
server/areaIntelligence.ts(1840,12): error TS1005: ',' expected.
server/areaIntelligence.ts(1840,17): error TS1005: ',' expected.
server/areaIntelligence.ts(1840,22): error TS1005: ',' expected.
server/areaIntelligence.ts(1840,27): error TS1005: ',' expected.
server/areaIntelligence.ts(1840,41): error TS1005: ',' expected.
server/areaIntelligence.ts(1840,56): error TS1005: ',' expected.
server/areaIntelligence.ts(1840,57): error TS1135: Argument expression expected.
server/areaIntelligence.ts(1842,5): error TS1005: ',' expected.
server/areaIntelligence.ts(1842,10): error TS1005: ',' expected.
server/areaIntelligence.ts(1842,12): error TS1005: ',' expected.
server/areaIntelligence.ts(1842,18): error TS1005: ',' expected.
server/areaIntelligence.ts(1842,21): error TS1005: ',' expected.
server/areaIntelligence.ts(1842,24): error TS1005: ',' expected.
server/areaIntelligence.ts(1842,28): error TS1005: ',' expected.
server/areaIntelligence.ts(1842,33): error TS1005: ',' expected.
server/areaIntelligence.ts(1842,37): error TS1005: ',' expected.
server/areaIntelligence.ts(1842,40): error TS1005: ',' expected.
server/areaIntelligence.ts(1842,43): error TS1005: ',' expected.
server/areaIntelligence.ts(1842,47): error TS1005: ',' expected.
server/areaIntelligence.ts(1846,5): error TS1005: ',' expected.
server/areaIntelligence.ts(1846,10): error TS1005: ',' expected.
server/areaIntelligence.ts(1846,12): error TS1005: ',' expected.
server/areaIntelligence.ts(1847,14): error TS1005: ',' expected.
server/areaIntelligence.ts(1848,80): error TS1005: ',' expected.
server/areaIntelligence.ts(1849,81): error TS1005: ',' expected.
server/areaIntelligence.ts(1850,15): error TS1109: Expression expected.
server/areaIntelligence.ts(1850,16): error TS1109: Expression expected.
server/areaIntelligence.ts(1850,17): error TS1005: ',' expected.
server/areaIntelligence.ts(1850,18): error TS1135: Argument expression expected.
server/areaIntelligence.ts(1850,23): error TS1005: ',' expected.
server/areaIntelligence.ts(1851,7): error TS1005: ',' expected.
server/areaIntelligence.ts(1851,12): error TS1005: ',' expected.
server/areaIntelligence.ts(1851,29): error TS1005: ',' expected.
server/areaIntelligence.ts(1851,31): error TS1005: ',' expected.
server/areaIntelligence.ts(1851,36): error TS1005: ',' expected.
server/areaIntelligence.ts(1851,53): error TS1005: ',' expected.
server/areaIntelligence.ts(1851,55): error TS1005: ',' expected.
server/areaIntelligence.ts(1851,58): error TS1005: ',' expected.
server/areaIntelligence.ts(1851,76): error TS1005: ',' expected.
server/areaIntelligence.ts(1851,82): error TS1005: ',' expected.
server/areaIntelligence.ts(1851,85): error TS1005: ',' expected.
server/areaIntelligence.ts(1853,5): error TS1005: ',' expected.
server/areaIntelligence.ts(1853,12): error TS1005: ',' expected.
server/areaIntelligence.ts(1853,29): error TS1005: ',' expected.
server/areaIntelligence.ts(1853,30): error TS1135: Argument expression expected.
server/areaIntelligence.ts(1854,12): error TS1005: ',' expected.
server/areaIntelligence.ts(1854,17): error TS1005: ',' expected.
server/areaIntelligence.ts(1854,28): error TS1005: ',' expected.
server/areaIntelligence.ts(1854,33): error TS1005: ',' expected.
server/areaIntelligence.ts(1854,50): error TS1005: ',' expected.
server/areaIntelligence.ts(1855,12): error TS1005: ',' expected.
server/areaIntelligence.ts(1855,17): error TS1005: ',' expected.
server/areaIntelligence.ts(1855,22): error TS1005: ',' expected.
server/areaIntelligence.ts(1855,27): error TS1005: ',' expected.
server/areaIntelligence.ts(1855,30): error TS1005: ',' expected.
server/areaIntelligence.ts(1855,35): error TS1005: ',' expected.
server/areaIntelligence.ts(1855,40): error TS1005: ',' expected.
server/areaIntelligence.ts(1855,45): error TS1005: ',' expected.
server/areaIntelligence.ts(1855,48): error TS1005: ',' expected.
server/areaIntelligence.ts(1855,53): error TS1005: ',' expected.
server/areaIntelligence.ts(1855,56): error TS1005: ',' expected.
server/areaIntelligence.ts(1857,5): error TS1005: ',' expected.
server/areaIntelligence.ts(1857,10): error TS1005: ',' expected.
server/areaIntelligence.ts(1857,12): error TS1005: ',' expected.
server/areaIntelligence.ts(1857,18): error TS1005: ',' expected.
server/areaIntelligence.ts(1861,5): error TS1005: ',' expected.
server/areaIntelligence.ts(1861,10): error TS1005: ',' expected.
server/areaIntelligence.ts(1861,12): error TS1005: ',' expected.
server/areaIntelligence.ts(1862,14): error TS1005: ',' expected.
server/areaIntelligence.ts(1862,19): error TS1005: ',' expected.
server/areaIntelligence.ts(1863,26): error TS1005: ',' expected.
server/areaIntelligence.ts(1863,39): error TS1005: ',' expected.
server/areaIntelligence.ts(1863,59): error TS1005: ',' expected.
server/areaIntelligence.ts(1864,26): error TS1005: ',' expected.
server/areaIntelligence.ts(1864,39): error TS1005: ',' expected.
server/areaIntelligence.ts(1864,59): error TS1005: ',' expected.
server/areaIntelligence.ts(1865,7): error TS1005: ',' expected.
server/areaIntelligence.ts(1865,12): error TS1005: ',' expected.
server/areaIntelligence.ts(1865,28): error TS1005: ',' expected.
server/areaIntelligence.ts(1866,7): error TS1005: ',' expected.
server/areaIntelligence.ts(1866,12): error TS1005: ',' expected.
server/areaIntelligence.ts(1866,34): error TS1005: ',' expected.
server/areaIntelligence.ts(1866,36): error TS1005: ',' expected.
server/areaIntelligence.ts(1866,39): error TS1005: ',' expected.
server/areaIntelligence.ts(1867,7): error TS1005: ',' expected.
server/areaIntelligence.ts(1867,13): error TS1005: ',' expected.
server/areaIntelligence.ts(1867,16): error TS1005: ',' expected.
server/areaIntelligence.ts(1869,5): error TS1005: ',' expected.
server/areaIntelligence.ts(1869,12): error TS1005: ',' expected.
server/areaIntelligence.ts(1869,29): error TS1005: ',' expected.
server/areaIntelligence.ts(1869,30): error TS1135: Argument expression expected.
server/areaIntelligence.ts(1870,12): error TS1005: ',' expected.
server/areaIntelligence.ts(1870,17): error TS1005: ',' expected.
server/areaIntelligence.ts(1870,23): error TS1005: ',' expected.
server/areaIntelligence.ts(1870,28): error TS1005: ',' expected.
server/areaIntelligence.ts(1870,36): error TS1005: ')' expected.
server/areaIntelligence.ts(1870,37): error TS1135: Argument expression expected.
server/areaIntelligence.ts(1870,53): error TS1005: ';' expected.
server/areaIntelligence.ts(1872,5): error TS1435: Unknown keyword or identifier. Did you mean 'from'?
server/areaIntelligence.ts(1872,10): error TS1434: Unexpected keyword or identifier.
server/areaIntelligence.ts(1872,12): error TS1434: Unexpected keyword or identifier.
server/areaIntelligence.ts(1872,24): error TS1005: ';' expected.
server/areaIntelligence.ts(1872,28): error TS1434: Unexpected keyword or identifier.
server/areaIntelligence.ts(1872,32): error TS1434: Unexpected keyword or identifier.
server/areaIntelligence.ts(1872,35): error TS1434: Unexpected keyword or identifier.
server/areaIntelligence.ts(1876,5): error TS1434: Unexpected keyword or identifier.
server/areaIntelligence.ts(1876,29): error TS1005: ';' expected.
server/areaIntelligence.ts(1876,30): error TS1128: Declaration or statement expected.
server/areaIntelligence.ts(1877,16): error TS1005: ',' expected.
server/areaIntelligence.ts(1877,21): error TS1005: ',' expected.
server/areaIntelligence.ts(1877,37): error TS1005: ',' expected.
server/areaIntelligence.ts(1877,42): error TS1005: ',' expected.
server/areaIntelligence.ts(1877,46): error TS1005: ',' expected.
server/areaIntelligence.ts(1877,51): error TS1005: ',' expected.
server/areaIntelligence.ts(1877,68): error TS1005: ',' expected.
server/areaIntelligence.ts(1877,73): error TS1005: ',' expected.
server/areaIntelligence.ts(1877,76): error TS1005: ',' expected.
server/areaIntelligence.ts(1877,81): error TS1005: ',' expected.
server/areaIntelligence.ts(1877,98): error TS1005: ',' expected.
server/areaIntelligence.ts(1877,103): error TS1005: ',' expected.
server/areaIntelligence.ts(1877,106): error TS1005: ',' expected.
server/areaIntelligence.ts(1877,111): error TS1005: ',' expected.
server/areaIntelligence.ts(1877,114): error TS1005: ',' expected.
server/areaIntelligence.ts(1878,13): error TS1109: Expression expected.
server/areaIntelligence.ts(1878,14): error TS1109: Expression expected.
server/areaIntelligence.ts(1878,15): error TS1005: ';' expected.
server/areaIntelligence.ts(1878,16): error TS1128: Declaration or statement expected.
server/areaIntelligence.ts(1879,5): error TS1435: Unknown keyword or identifier. Did you mean 'from'?
server/areaIntelligence.ts(1879,10): error TS1434: Unexpected keyword or identifier.
server/areaIntelligence.ts(1879,34): error TS1434: Unexpected keyword or identifier.
server/areaIntelligence.ts(1879,40): error TS1434: Unexpected keyword or identifier.
server/areaIntelligence.ts(1884,5): error TS1435: Unknown keyword or identifier. Did you mean 'with'?
server/areaIntelligence.ts(1884,10): error TS1434: Unexpected keyword or identifier.
server/areaIntelligence.ts(1885,14): error TS1005: ',' expected.
server/areaIntelligence.ts(1885,23): error TS1005: ',' expected.
server/areaIntelligence.ts(1885,37): error TS1005: ',' expected.
server/areaIntelligence.ts(1886,7): error TS1005: ',' expected.
server/areaIntelligence.ts(1886,12): error TS1005: ',' expected.
server/areaIntelligence.ts(1886,31): error TS1005: ',' expected.
server/areaIntelligence.ts(1886,37): error TS1005: ',' expected.
server/areaIntelligence.ts(1887,7): error TS1005: ',' expected.
server/areaIntelligence.ts(1887,13): error TS1005: ',' expected.
server/areaIntelligence.ts(1887,16): error TS1005: ',' expected.
server/areaIntelligence.ts(1887,40): error TS1005: ',' expected.
server/areaIntelligence.ts(1888,17): error TS1005: ';' expected.
server/areaIntelligence.ts(1889,14): error TS1005: ',' expected.
server/areaIntelligence.ts(1891,9): error TS1005: ',' expected.
server/areaIntelligence.ts(1891,14): error TS1005: ',' expected.
server/areaIntelligence.ts(1891,42): error TS1005: ',' expected.
server/areaIntelligence.ts(1891,43): error TS1135: Argument expression expected.
server/areaIntelligence.ts(1891,52): error TS1005: ',' expected.
server/areaIntelligence.ts(1891,57): error TS1005: ',' expected.
server/areaIntelligence.ts(1892,9): error TS1005: ',' expected.
server/areaIntelligence.ts(1892,14): error TS1005: ',' expected.
server/areaIntelligence.ts(1892,42): error TS1005: ',' expected.
server/areaIntelligence.ts(1892,43): error TS1135: Argument expression expected.
server/areaIntelligence.ts(1892,53): error TS1005: ',' expected.
server/areaIntelligence.ts(1892,58): error TS1005: ',' expected.
server/areaIntelligence.ts(1893,9): error TS1005: ',' expected.
server/areaIntelligence.ts(1893,14): error TS1005: ',' expected.
server/areaIntelligence.ts(1893,42): error TS1005: ',' expected.
server/areaIntelligence.ts(1893,43): error TS1135: Argument expression expected.
server/areaIntelligence.ts(1893,53): error TS1005: ',' expected.
server/areaIntelligence.ts(1893,58): error TS1005: ',' expected.
server/areaIntelligence.ts(1894,9): error TS1005: ',' expected.
server/areaIntelligence.ts(1894,14): error TS1005: ',' expected.
server/areaIntelligence.ts(1894,42): error TS1005: ',' expected.
server/areaIntelligence.ts(1894,43): error TS1135: Argument expression expected.
server/areaIntelligence.ts(1894,53): error TS1005: ',' expected.
server/areaIntelligence.ts(1894,58): error TS1005: ',' expected.
server/areaIntelligence.ts(1894,61): error TS1005: ',' expected.
server/areaIntelligence.ts(1894,66): error TS1005: ',' expected.
server/areaIntelligence.ts(1894,68): error TS1005: ',' expected.
server/areaIntelligence.ts(1894,72): error TS1005: ',' expected.
server/areaIntelligence.ts(1895,75): error TS1005: ',' expected.
server/areaIntelligence.ts(1896,7): error TS1005: ',' expected.
server/areaIntelligence.ts(1896,12): error TS1005: ',' expected.
server/areaIntelligence.ts(1896,29): error TS1005: ',' expected.
server/areaIntelligence.ts(1897,7): error TS1005: ',' expected.
server/areaIntelligence.ts(1897,12): error TS1005: ',' expected.
server/areaIntelligence.ts(1897,28): error TS1005: ',' expected.
server/areaIntelligence.ts(1897,30): error TS1005: ',' expected.
server/areaIntelligence.ts(1897,33): error TS1005: ',' expected.
server/areaIntelligence.ts(1898,7): error TS1005: ',' expected.
server/areaIntelligence.ts(1898,12): error TS1005: ',' expected.
server/areaIntelligence.ts(1898,21): error TS1005: ',' expected.
server/areaIntelligence.ts(1898,23): error TS1005: ',' expected.
server/areaIntelligence.ts(1898,26): error TS1005: ',' expected.
server/areaIntelligence.ts(1898,45): error TS1005: ',' expected.
server/areaIntelligence.ts(1898,49): error TS1005: ',' expected.
server/areaIntelligence.ts(1899,7): error TS1005: ',' expected.
server/areaIntelligence.ts(1899,12): error TS1005: ',' expected.
server/areaIntelligence.ts(1899,25): error TS1005: ',' expected.
server/areaIntelligence.ts(1899,28): error TS1005: ',' expected.
server/areaIntelligence.ts(1899,31): error TS1005: ',' expected.
server/areaIntelligence.ts(1900,17): error TS1005: ';' expected.
server/areaIntelligence.ts(1901,14): error TS1005: ',' expected.
server/areaIntelligence.ts(1902,90): error TS1005: ',' expected.
server/areaIntelligence.ts(1903,14): error TS1109: Expression expected.
server/areaIntelligence.ts(1903,15): error TS1109: Expression expected.
server/areaIntelligence.ts(1903,17): error TS1005: ',' expected.
server/areaIntelligence.ts(1903,30): error TS1005: ',' expected.
server/areaIntelligence.ts(1903,42): error TS1005: ',' expected.
server/areaIntelligence.ts(1903,43): error TS1135: Argument expression expected.
server/areaIntelligence.ts(1903,48): error TS1005: ',' expected.
server/areaIntelligence.ts(1904,7): error TS1005: ',' expected.
server/areaIntelligence.ts(1904,12): error TS1005: ',' expected.
server/areaIntelligence.ts(1904,21): error TS1005: ',' expected.
server/areaIntelligence.ts(1904,27): error TS1005: ',' expected.
server/areaIntelligence.ts(1904,39): error TS1005: ',' expected.
server/areaIntelligence.ts(1904,45): error TS1005: ',' expected.
server/areaIntelligence.ts(1904,48): error TS1005: ',' expected.
server/areaIntelligence.ts(1905,17): error TS1005: ';' expected.
server/areaIntelligence.ts(1906,14): error TS1005: ',' expected.
server/areaIntelligence.ts(1907,90): error TS1005: ',' expected.
server/areaIntelligence.ts(1908,7): error TS1005: ',' expected.
server/areaIntelligence.ts(1908,12): error TS1005: ',' expected.
server/areaIntelligence.ts(1908,21): error TS1005: ',' expected.
server/areaIntelligence.ts(1908,27): error TS1005: ',' expected.
server/areaIntelligence.ts(1908,39): error TS1005: ',' expected.
server/areaIntelligence.ts(1908,45): error TS1005: ',' expected.
server/areaIntelligence.ts(1908,48): error TS1005: ',' expected.
server/areaIntelligence.ts(1910,5): error TS1434: Unexpected keyword or identifier.
server/areaIntelligence.ts(1911,5): error TS1435: Unknown keyword or identifier. Did you mean 'from'?
server/areaIntelligence.ts(1911,10): error TS1434: Unexpected keyword or identifier.
server/areaIntelligence.ts(1911,19): error TS1434: Unexpected keyword or identifier.
server/areaIntelligence.ts(1911,21): error TS1435: Unknown keyword or identifier. Did you mean 'let'?
server/areaIntelligence.ts(1911,26): error TS1434: Unexpected keyword or identifier.
server/areaIntelligence.ts(1911,31): error TS1434: Unexpected keyword or identifier.
server/areaIntelligence.ts(1911,40): error TS1434: Unexpected keyword or identifier.
server/areaIntelligence.ts(1916,7): error TS1434: Unexpected keyword or identifier.
server/areaIntelligence.ts(1916,14): error TS1434: Unexpected keyword or identifier.
server/areaIntelligence.ts(1917,19): error TS1005: ',' expected.
server/areaIntelligence.ts(1917,20): error TS1135: Argument expression expected.
server/areaIntelligence.ts(1917,64): error TS1005: ',' expected.
server/areaIntelligence.ts(1917,65): error TS1135: Argument expression expected.
server/areaIntelligence.ts(1918,42): error TS1005: ',' expected.
server/areaIntelligence.ts(1918,43): error TS1135: Argument expression expected.
server/areaIntelligence.ts(1918,67): error TS1005: ',' expected.
server/areaIntelligence.ts(1918,68): error TS1135: Argument expression expected.
server/areaIntelligence.ts(1918,92): error TS1005: ',' expected.
server/areaIntelligence.ts(1918,93): error TS1135: Argument expression expected.
server/areaIntelligence.ts(1919,7): error TS1434: Unexpected keyword or identifier.
server/areaIntelligence.ts(1919,50): error TS1005: ';' expected.
server/areaIntelligence.ts(1919,53): error TS1434: Unexpected keyword or identifier.
server/areaIntelligence.ts(1930,5): error TS1435: Unknown keyword or identifier. Did you mean 'with'?
server/areaIntelligence.ts(1930,10): error TS1434: Unexpected keyword or identifier.
server/areaIntelligence.ts(1931,14): error TS1005: ',' expected.
server/areaIntelligence.ts(1931,23): error TS1005: ',' expected.
server/areaIntelligence.ts(1932,9): error TS1005: ',' expected.
server/areaIntelligence.ts(1933,7): error TS1005: ',' expected.
server/areaIntelligence.ts(1933,12): error TS1005: ',' expected.
server/areaIntelligence.ts(1933,34): error TS1005: ',' expected.
server/areaIntelligence.ts(1933,36): error TS1005: ',' expected.
server/areaIntelligence.ts(1933,42): error TS1005: ',' expected.
server/areaIntelligence.ts(1933,45): error TS1005: ',' expected.
server/areaIntelligence.ts(1933,81): error TS1005: ',' expected.
server/areaIntelligence.ts(1933,102): error TS1005: ',' expected.
server/areaIntelligence.ts(1935,5): error TS1434: Unexpected keyword or identifier.
server/areaIntelligence.ts(1935,17): error TS1005: ';' expected.
server/areaIntelligence.ts(1937,22): error TS1005: ',' expected.
server/areaIntelligence.ts(1937,35): error TS1005: ',' expected.
server/areaIntelligence.ts(1937,38): error TS1005: ',' expected.
server/areaIntelligence.ts(1937,42): error TS1005: ',' expected.
server/areaIntelligence.ts(1937,48): error TS1005: ';' expected.
server/areaIntelligence.ts(1938,5): error TS1435: Unknown keyword or identifier. Did you mean 'from'?
server/areaIntelligence.ts(1938,10): error TS1434: Unexpected keyword or identifier.
server/areaIntelligence.ts(1938,26): error TS1434: Unexpected keyword or identifier.
server/areaIntelligence.ts(1938,28): error TS1435: Unknown keyword or identifier. Did you mean 'let'?
server/areaIntelligence.ts(1938,33): error TS1434: Unexpected keyword or identifier.
server/areaIntelligence.ts(1938,38): error TS1434: Unexpected keyword or identifier.
server/areaIntelligence.ts(1938,45): error TS1434: Unexpected keyword or identifier.
server/areaIntelligence.ts(1938,47): error TS1434: Unexpected keyword or identifier.
server/areaIntelligence.ts(1939,5): error TS1434: Unexpected keyword or identifier.
server/areaIntelligence.ts(1939,11): error TS1434: Unexpected keyword or identifier.
server/areaIntelligence.ts(1974,7): error TS1434: Unexpected keyword or identifier.
server/areaIntelligence.ts(1974,14): error TS1434: Unexpected keyword or identifier.
server/areaIntelligence.ts(1976,40): error TS1005: ',' expected.
server/areaIntelligence.ts(1976,41): error TS1135: Argument expression expected.
server/areaIntelligence.ts(1976,51): error TS1005: ',' expected.
server/areaIntelligence.ts(1976,52): error TS1135: Argument expression expected.
server/areaIntelligence.ts(1979,7): error TS1434: Unexpected keyword or identifier.
server/areaIntelligence.ts(1979,14): error TS1434: Unexpected keyword or identifier.
server/areaIntelligence.ts(1982,7): error TS1434: Unexpected keyword or identifier.
server/areaIntelligence.ts(1982,28): error TS1005: ';' expected.
server/areaIntelligence.ts(1982,31): error TS1434: Unexpected keyword or identifier.
server/areaIntelligence.ts(2012,7): error TS1434: Unexpected keyword or identifier.
server/areaIntelligence.ts(2012,14): error TS1434: Unexpected keyword or identifier.
server/areaIntelligence.ts(2012,32): error TS1435: Unknown keyword or identifier. Did you mean 'set'?
server/areaIntelligence.ts(2013,39): error TS1005: ';' expected.
server/areaIntelligence.ts(2013,40): error TS1128: Declaration or statement expected.
server/areaIntelligence.ts(2013,41): error TS1434: Unexpected keyword or identifier.
server/areaIntelligence.ts(2013,47): error TS1434: Unexpected keyword or identifier.
server/areaIntelligence.ts(2024,5): error TS1434: Unexpected keyword or identifier.
server/areaIntelligence.ts(2024,12): error TS1434: Unexpected keyword or identifier.
server/areaIntelligence.ts(2025,5): error TS1434: Unexpected keyword or identifier.
server/areaIntelligence.ts(2025,59): error TS1005: ',' expected.
server/areaIntelligence.ts(2025,60): error TS1135: Argument expression expected.
server/areaIntelligence.ts(2027,17): error TS1005: ';' expected.
server/areaIntelligence.ts(2027,29): error TS1005: ';' expected.
server/areaIntelligence.ts(2027,32): error TS1435: Unknown keyword or identifier. Did you mean 'null'?
server/areaIntelligence.ts(2027,37): error TS1434: Unexpected keyword or identifier.
server/areaIntelligence.ts(2027,42): error TS1435: Unknown keyword or identifier. Did you mean 'null'?
server/areaIntelligence.ts(2027,47): error TS1435: Unknown keyword or identifier. Did you mean 'else'?
server/areaIntelligence.ts(2027,78): error TS1005: ';' expected.
server/areaIntelligence.ts(2028,5): error TS1435: Unknown keyword or identifier. Did you mean 'from'?
server/areaIntelligence.ts(2028,10): error TS1434: Unexpected keyword or identifier.
server/areaIntelligence.ts(2029,5): error TS1435: Unknown keyword or identifier. Did you mean 'let'?
server/areaIntelligence.ts(2029,10): error TS1434: Unexpected keyword or identifier.
server/areaIntelligence.ts(2029,15): error TS1434: Unexpected keyword or identifier.
server/areaIntelligence.ts(2029,22): error TS1434: Unexpected keyword or identifier.
server/areaIntelligence.ts(2029,24): error TS1434: Unexpected keyword or identifier.
server/areaIntelligence.ts(2030,5): error TS1434: Unexpected keyword or identifier.
server/areaIntelligence.ts(2031,5): error TS1434: Unexpected keyword or identifier.
server/areaIntelligence.ts(2031,68): error TS1005: ';' expected.
server/areaIntelligence.ts(2031,71): error TS1434: Unexpected keyword or identifier.
server/areaIntelligence.ts(2034,5): error TS1435: Unknown keyword or identifier. Did you mean 'return'?
server/areaIntelligence.ts(2042,5): error TS1434: Unexpected keyword or identifier.
server/areaIntelligence.ts(2042,12): error TS1434: Unexpected keyword or identifier.
server/areaIntelligence.ts(2043,5): error TS1434: Unexpected keyword or identifier.
server/areaIntelligence.ts(2044,5): error TS1435: Unknown keyword or identifier. Did you mean 'from'?
server/areaIntelligence.ts(2044,10): error TS1434: Unexpected keyword or identifier.
server/areaIntelligence.ts(2045,5): error TS1434: Unexpected keyword or identifier.
server/areaIntelligence.ts(2045,10): error TS1434: Unexpected keyword or identifier.
server/areaIntelligence.ts(2045,18): error TS1434: Unexpected keyword or identifier.
server/areaIntelligence.ts(2045,20): error TS1434: Unexpected keyword or identifier.
server/areaIntelligence.ts(2046,5): error TS1434: Unexpected keyword or identifier.
server/areaIntelligence.ts(2046,10): error TS1434: Unexpected keyword or identifier.
server/areaIntelligence.ts(2046,26): error TS1434: Unexpected keyword or identifier.
server/areaIntelligence.ts(2046,28): error TS1434: Unexpected keyword or identifier.
server/areaIntelligence.ts(2047,5): error TS1434: Unexpected keyword or identifier.
server/areaIntelligence.ts(2047,33): error TS1005: ';' expected.
server/areaIntelligence.ts(2047,36): error TS1434: Unexpected keyword or identifier.
server/areaIntelligence.ts(2050,5): error TS1435: Unknown keyword or identifier. Did you mean 'return'?
server/areaIntelligence.ts(2055,5): error TS1434: Unexpected keyword or identifier.
server/areaIntelligence.ts(2055,12): error TS1434: Unexpected keyword or identifier.
server/areaIntelligence.ts(2056,5): error TS1434: Unexpected keyword or identifier.
server/areaIntelligence.ts(2056,12): error TS1434: Unexpected keyword or identifier.
server/areaIntelligence.ts(2056,30): error TS1005: ';' expected.
server/areaIntelligence.ts(2057,5): error TS1435: Unknown keyword or identifier. Did you mean 'from'?
server/areaIntelligence.ts(2057,10): error TS1434: Unexpected keyword or identifier.
server/areaIntelligence.ts(2058,5): error TS1434: Unexpected keyword or identifier.
server/areaIntelligence.ts(2058,10): error TS1434: Unexpected keyword or identifier.
server/areaIntelligence.ts(2058,18): error TS1434: Unexpected keyword or identifier.
server/areaIntelligence.ts(2058,20): error TS1434: Unexpected keyword or identifier.
server/areaIntelligence.ts(2058,40): error TS1005: ';' expected.
server/areaIntelligence.ts(2058,51): error TS1005: ';' expected.
server/areaIntelligence.ts(2058,54): error TS1434: Unexpected keyword or identifier.
server/areaIntelligence.ts(2059,5): error TS1434: Unexpected keyword or identifier.
server/areaIntelligence.ts(2059,10): error TS1434: Unexpected keyword or identifier.
server/areaIntelligence.ts(2059,26): error TS1434: Unexpected keyword or identifier.
server/areaIntelligence.ts(2059,28): error TS1434: Unexpected keyword or identifier.
server/areaIntelligence.ts(2059,38): error TS1005: ';' expected.
server/areaIntelligence.ts(2059,41): error TS1434: Unexpected keyword or identifier.
server/areaIntelligence.ts(2059,45): error TS1435: Unknown keyword or identifier. Did you mean 'null'?
server/areaIntelligence.ts(2059,50): error TS1434: Unexpected keyword or identifier.
server/areaIntelligence.ts(2060,5): error TS1435: Unknown keyword or identifier. Did you mean 'let'?
server/areaIntelligence.ts(2060,10): error TS1434: Unexpected keyword or identifier.
server/areaIntelligence.ts(2060,15): error TS1434: Unexpected keyword or identifier.
server/areaIntelligence.ts(2060,36): error TS1434: Unexpected keyword or identifier.
server/areaIntelligence.ts(2060,38): error TS1434: Unexpected keyword or identifier.
server/areaIntelligence.ts(2061,5): error TS1434: Unexpected keyword or identifier.
server/areaIntelligence.ts(2061,28): error TS1005: ';' expected.
server/areaIntelligence.ts(2062,5): error TS1434: Unexpected keyword or identifier.
server/areaIntelligence.ts(2062,11): error TS1434: Unexpected keyword or identifier.
server/areaIntelligence.ts(2063,5): error TS1434: Unexpected keyword or identifier.
server/areaIntelligence.ts(2063,33): error TS1005: ';' expected.
server/areaIntelligence.ts(2064,5): error TS1435: Unknown keyword or identifier. Did you mean 'return'?
server/areaIntelligence.ts(2069,5): error TS1435: Unknown keyword or identifier. Did you mean 'with'?
server/areaIntelligence.ts(2069,10): error TS1434: Unexpected keyword or identifier.
server/areaIntelligence.ts(2070,14): error TS1005: ',' expected.
server/areaIntelligence.ts(2070,44): error TS1005: ',' expected.
server/areaIntelligence.ts(2071,19): error TS1005: ',' expected.
server/areaIntelligence.ts(2071,24): error TS1005: ',' expected.
server/areaIntelligence.ts(2071,31): error TS1005: ',' expected.
server/areaIntelligence.ts(2071,34): error TS1005: ',' expected.
server/areaIntelligence.ts(2071,38): error TS1005: ',' expected.
server/areaIntelligence.ts(2071,43): error TS1005: ',' expected.
server/areaIntelligence.ts(2071,48): error TS1005: ',' expected.
server/areaIntelligence.ts(2071,65): error TS1005: ',' expected.
server/areaIntelligence.ts(2071,70): error TS1005: ',' expected.
server/areaIntelligence.ts(2071,92): error TS1005: ',' expected.
server/areaIntelligence.ts(2071,96): error TS1005: ',' expected.
server/areaIntelligence.ts(2072,7): error TS1005: ',' expected.
server/areaIntelligence.ts(2072,12): error TS1005: ',' expected.
server/areaIntelligence.ts(2072,21): error TS1005: ',' expected.
server/areaIntelligence.ts(2073,7): error TS1005: ',' expected.
server/areaIntelligence.ts(2073,12): error TS1005: ',' expected.
server/areaIntelligence.ts(2073,17): error TS1005: ',' expected.
server/areaIntelligence.ts(2073,27): error TS1005: ',' expected.
server/areaIntelligence.ts(2073,29): error TS1005: ',' expected.
server/areaIntelligence.ts(2073,32): error TS1005: ',' expected.
server/areaIntelligence.ts(2074,7): error TS1005: ',' expected.
server/areaIntelligence.ts(2074,12): error TS1005: ',' expected.
server/areaIntelligence.ts(2074,17): error TS1005: ',' expected.
server/areaIntelligence.ts(2074,28): error TS1005: ',' expected.
server/areaIntelligence.ts(2074,31): error TS1005: ',' expected.
server/areaIntelligence.ts(2074,34): error TS1005: ',' expected.
server/areaIntelligence.ts(2075,7): error TS1005: ',' expected.
server/areaIntelligence.ts(2075,12): error TS1005: ',' expected.
server/areaIntelligence.ts(2075,17): error TS1005: ',' expected.
server/areaIntelligence.ts(2075,27): error TS1005: ',' expected.
server/areaIntelligence.ts(2075,30): error TS1005: ',' expected.
server/areaIntelligence.ts(2075,33): error TS1005: ',' expected.
server/areaIntelligence.ts(2076,7): error TS1005: ',' expected.
server/areaIntelligence.ts(2076,13): error TS1005: ',' expected.
server/areaIntelligence.ts(2076,38): error TS1005: ',' expected.
server/areaIntelligence.ts(2076,41): error TS1005: ',' expected.
server/areaIntelligence.ts(2076,45): error TS1005: ',' expected.
server/areaIntelligence.ts(2078,5): error TS1434: Unexpected keyword or identifier.
server/areaIntelligence.ts(2078,12): error TS1434: Unexpected keyword or identifier.
server/areaIntelligence.ts(2079,5): error TS1434: Unexpected keyword or identifier.
server/areaIntelligence.ts(2079,12): error TS1434: Unexpected keyword or identifier.
server/areaIntelligence.ts(2079,31): error TS1005: ';' expected.
server/areaIntelligence.ts(2080,12): error TS1005: ';' expected.
server/areaIntelligence.ts(2080,44): error TS1005: ';' expected.
server/areaIntelligence.ts(2080,53): error TS1005: ';' expected.
server/areaIntelligence.ts(2080,62): error TS1005: ';' expected.
server/areaIntelligence.ts(2081,5): error TS1435: Unknown keyword or identifier. Did you mean 'from'?
server/areaIntelligence.ts(2081,10): error TS1434: Unexpected keyword or identifier.
server/areaIntelligence.ts(2082,5): error TS1434: Unexpected keyword or identifier.
server/areaIntelligence.ts(2082,10): error TS1434: Unexpected keyword or identifier.
server/areaIntelligence.ts(2082,26): error TS1434: Unexpected keyword or identifier.
server/areaIntelligence.ts(2082,28): error TS1434: Unexpected keyword or identifier.
server/areaIntelligence.ts(2082,38): error TS1005: ';' expected.
server/areaIntelligence.ts(2082,41): error TS1434: Unexpected keyword or identifier.
server/areaIntelligence.ts(2082,45): error TS1435: Unknown keyword or identifier. Did you mean 'null'?
server/areaIntelligence.ts(2082,50): error TS1434: Unexpected keyword or identifier.
server/areaIntelligence.ts(2083,5): error TS1434: Unexpected keyword or identifier.
server/areaIntelligence.ts(2083,11): error TS1434: Unexpected keyword or identifier.
server/areaIntelligence.ts(2084,5): error TS1434: Unexpected keyword or identifier.
server/areaIntelligence.ts(2084,29): error TS1005: ';' expected.
server/areaIntelligence.ts(2084,32): error TS1434: Unexpected keyword or identifier.
server/areaIntelligence.ts(2087,5): error TS1435: Unknown keyword or identifier. Did you mean 'return'?
server/areaIntelligence.ts(2092,5): error TS1434: Unexpected keyword or identifier.
server/areaIntelligence.ts(2092,12): error TS1434: Unexpected keyword or identifier.
server/areaIntelligence.ts(2093,5): error TS1434: Unexpected keyword or identifier.
server/areaIntelligence.ts(2094,12): error TS1005: ';' expected.
server/areaIntelligence.ts(2094,31): error TS1005: ',' expected.
server/areaIntelligence.ts(2094,32): error TS1135: Argument expression expected.
server/areaIntelligence.ts(2095,9): error TS1434: Unexpected keyword or identifier.
server/areaIntelligence.ts(2095,52): error TS1005: ',' expected.
server/areaIntelligence.ts(2095,53): error TS1135: Argument expression expected.
server/areaIntelligence.ts(2095,79): error TS1005: ',' expected.
server/areaIntelligence.ts(2095,80): error TS1135: Argument expression expected.
server/areaIntelligence.ts(2095,92): error TS1005: ';' expected.
server/areaIntelligence.ts(2097,5): error TS1435: Unknown keyword or identifier. Did you mean 'from'?
server/areaIntelligence.ts(2097,10): error TS1434: Unexpected keyword or identifier.
server/areaIntelligence.ts(2098,5): error TS1434: Unexpected keyword or identifier.
server/areaIntelligence.ts(2098,10): error TS1434: Unexpected keyword or identifier.
server/areaIntelligence.ts(2098,26): error TS1434: Unexpected keyword or identifier.
server/areaIntelligence.ts(2098,28): error TS1434: Unexpected keyword or identifier.
server/areaIntelligence.ts(2098,38): error TS1005: ';' expected.
server/areaIntelligence.ts(2098,41): error TS1434: Unexpected keyword or identifier.
server/areaIntelligence.ts(2098,45): error TS1435: Unknown keyword or identifier. Did you mean 'null'?
server/areaIntelligence.ts(2098,50): error TS1434: Unexpected keyword or identifier.
server/areaIntelligence.ts(2098,61): error TS1005: ';' expected.
server/areaIntelligence.ts(2098,64): error TS1434: Unexpected keyword or identifier.
server/areaIntelligence.ts(2098,68): error TS1435: Unknown keyword or identifier. Did you mean 'null'?
server/areaIntelligence.ts(2098,73): error TS1434: Unexpected keyword or identifier.
server/areaIntelligence.ts(2099,5): error TS1434: Unexpected keyword or identifier.
server/areaIntelligence.ts(2099,37): error TS1005: ';' expected.
server/areaIntelligence.ts(2099,40): error TS1434: Unexpected keyword or identifier.
server/areaIntelligence.ts(2099,47): error TS1435: Unknown keyword or identifier. Did you mean 'set'?
server/areaIntelligence.ts(2100,5): error TS1435: Unknown keyword or identifier. Did you mean 'return'?
server/areaIntelligence.ts(2105,5): error TS1434: Unexpected keyword or identifier.
server/areaIntelligence.ts(2105,12): error TS1434: Unexpected keyword or identifier.
server/areaIntelligence.ts(2106,5): error TS1434: Unexpected keyword or identifier.
server/areaIntelligence.ts(2106,40): error TS1005: ',' expected.
server/areaIntelligence.ts(2106,41): error TS1135: Argument expression expected.
server/areaIntelligence.ts(2106,58): error TS1005: ',' expected.
server/areaIntelligence.ts(2106,59): error TS1135: Argument expression expected.
server/areaIntelligence.ts(2107,5): error TS1435: Unknown keyword or identifier. Did you mean 'from'?
server/areaIntelligence.ts(2107,10): error TS1434: Unexpected keyword or identifier.
server/areaIntelligence.ts(2108,5): error TS1434: Unexpected keyword or identifier.
server/areaIntelligence.ts(2108,10): error TS1434: Unexpected keyword or identifier.
server/areaIntelligence.ts(2108,26): error TS1434: Unexpected keyword or identifier.
server/areaIntelligence.ts(2108,28): error TS1434: Unexpected keyword or identifier.
server/areaIntelligence.ts(2108,38): error TS1005: ';' expected.
server/areaIntelligence.ts(2108,41): error TS1434: Unexpected keyword or identifier.
server/areaIntelligence.ts(2108,45): error TS1435: Unknown keyword or identifier. Did you mean 'null'?
server/areaIntelligence.ts(2108,50): error TS1434: Unexpected keyword or identifier.
server/areaIntelligence.ts(2108,61): error TS1005: ';' expected.
server/areaIntelligence.ts(2108,64): error TS1434: Unexpected keyword or identifier.
server/areaIntelligence.ts(2109,7): error TS1434: Unexpected keyword or identifier.
server/areaIntelligence.ts(2109,28): error TS1005: ',' expected.
server/areaIntelligence.ts(2109,29): error TS1135: Argument expression expected.
server/areaIntelligence.ts(2109,46): error TS1005: ',' expected.
server/areaIntelligence.ts(2109,47): error TS1135: Argument expression expected.
server/areaIntelligence.ts(2110,5): error TS1434: Unexpected keyword or identifier.
server/areaIntelligence.ts(2110,37): error TS1005: ';' expected.
server/areaIntelligence.ts(2110,40): error TS1434: Unexpected keyword or identifier.
server/areaIntelligence.ts(2110,47): error TS1435: Unknown keyword or identifier. Did you mean 'set'?
server/areaIntelligence.ts(2111,5): error TS1435: Unknown keyword or identifier. Did you mean 'return'?
server/areaIntelligence.ts(2119,5): error TS1434: Unexpected keyword or identifier.
server/areaIntelligence.ts(2119,12): error TS1434: Unexpected keyword or identifier.
server/areaIntelligence.ts(2120,5): error TS1434: Unexpected keyword or identifier.
server/areaIntelligence.ts(2121,5): error TS1434: Unexpected keyword or identifier.
server/areaIntelligence.ts(2121,48): error TS1005: ';' expected.
server/areaIntelligence.ts(2121,51): error TS1434: Unexpected keyword or identifier.
server/areaIntelligence.ts(2124,5): error TS1435: Unknown keyword or identifier. Did you mean 'return'?
server/areaIntelligence.ts(2133,5): error TS1434: Unexpected keyword or identifier.
server/areaIntelligence.ts(2133,31): error TS1005: ';' expected.
server/areaIntelligence.ts(2133,32): error TS1128: Declaration or statement expected.
server/areaIntelligence.ts(2133,68): error TS1109: Expression expected.
server/areaIntelligence.ts(2133,69): error TS1109: Expression expected.
server/areaIntelligence.ts(2133,70): error TS1005: ';' expected.
server/areaIntelligence.ts(2133,71): error TS1128: Declaration or statement expected.
server/areaIntelligence.ts(2133,86): error TS1109: Expression expected.
server/areaIntelligence.ts(2133,87): error TS1109: Expression expected.
server/areaIntelligence.ts(2133,88): error TS1005: ';' expected.
server/areaIntelligence.ts(2133,89): error TS1128: Declaration or statement expected.
server/areaIntelligence.ts(2134,21): error TS1109: Expression expected.
server/areaIntelligence.ts(2134,22): error TS1109: Expression expected.
server/areaIntelligence.ts(2134,23): error TS1005: ',' expected.
server/areaIntelligence.ts(2134,24): error TS1135: Argument expression expected.
server/areaIntelligence.ts(2135,5): error TS1435: Unknown keyword or identifier. Did you mean 'from'?
server/areaIntelligence.ts(2135,10): error TS1434: Unexpected keyword or identifier.
server/areaIntelligence.ts(2135,31): error TS1434: Unexpected keyword or identifier.
server/areaIntelligence.ts(2135,33): error TS1434: Unexpected keyword or identifier.
server/areaIntelligence.ts(2135,38): error TS1434: Unexpected keyword or identifier.
server/areaIntelligence.ts(2135,51): error TS1434: Unexpected keyword or identifier.
server/areaIntelligence.ts(2135,53): error TS1434: Unexpected keyword or identifier.
server/areaIntelligence.ts(2136,5): error TS1434: Unexpected keyword or identifier.
server/areaIntelligence.ts(2136,46): error TS1005: ';' expected.
server/areaIntelligence.ts(2137,5): error TS1434: Unexpected keyword or identifier.
server/areaIntelligence.ts(2137,11): error TS1434: Unexpected keyword or identifier.
server/areaIntelligence.ts(2141,5): error TS1434: Unexpected keyword or identifier.
server/areaIntelligence.ts(2141,31): error TS1005: ';' expected.
server/areaIntelligence.ts(2141,32): error TS1128: Declaration or statement expected.
server/areaIntelligence.ts(2142,27): error TS1005: ';' expected.
server/areaIntelligence.ts(2142,46): error TS1005: ',' expected.
server/areaIntelligence.ts(2142,49): error TS1005: ',' expected.
server/areaIntelligence.ts(2142,65): error TS1109: Expression expected.
server/areaIntelligence.ts(2142,66): error TS1109: Expression expected.
server/areaIntelligence.ts(2142,67): error TS1005: ';' expected.
server/areaIntelligence.ts(2142,68): error TS1128: Declaration or statement expected.
server/areaIntelligence.ts(2143,21): error TS1109: Expression expected.
server/areaIntelligence.ts(2143,22): error TS1109: Expression expected.
server/areaIntelligence.ts(2143,23): error TS1005: ',' expected.
server/areaIntelligence.ts(2143,24): error TS1135: Argument expression expected.
server/areaIntelligence.ts(2144,5): error TS1435: Unknown keyword or identifier. Did you mean 'from'?
server/areaIntelligence.ts(2144,10): error TS1434: Unexpected keyword or identifier.
server/areaIntelligence.ts(2144,31): error TS1434: Unexpected keyword or identifier.
server/areaIntelligence.ts(2144,33): error TS1434: Unexpected keyword or identifier.
server/areaIntelligence.ts(2144,38): error TS1434: Unexpected keyword or identifier.
server/areaIntelligence.ts(2144,51): error TS1434: Unexpected keyword or identifier.
server/areaIntelligence.ts(2144,53): error TS1434: Unexpected keyword or identifier.
server/areaIntelligence.ts(2145,5): error TS1434: Unexpected keyword or identifier.
server/areaIntelligence.ts(2145,46): error TS1005: ';' expected.
server/areaIntelligence.ts(2145,58): error TS1005: ';' expected.
server/areaIntelligence.ts(2146,5): error TS1434: Unexpected keyword or identifier.
server/areaIntelligence.ts(2146,11): error TS1434: Unexpected keyword or identifier.
server/areaIntelligence.ts(2150,5): error TS1435: Unknown keyword or identifier. Did you mean 'with'?
server/areaIntelligence.ts(2150,10): error TS1434: Unexpected keyword or identifier.
server/areaIntelligence.ts(2151,14): error TS1005: ',' expected.
server/areaIntelligence.ts(2152,28): error TS1005: ',' expected.
server/areaIntelligence.ts(2152,35): error TS1005: ',' expected.
server/areaIntelligence.ts(2152,47): error TS1005: ',' expected.
server/areaIntelligence.ts(2152,50): error TS1005: ',' expected.
server/areaIntelligence.ts(2152,60): error TS1005: ',' expected.
server/areaIntelligence.ts(2152,73): error TS1005: ',' expected.
server/areaIntelligence.ts(2152,108): error TS1005: ',' expected.
server/areaIntelligence.ts(2152,121): error TS1005: ',' expected.
server/areaIntelligence.ts(2153,28): error TS1005: ',' expected.
server/areaIntelligence.ts(2153,35): error TS1005: ',' expected.
server/areaIntelligence.ts(2153,47): error TS1005: ',' expected.
server/areaIntelligence.ts(2153,50): error TS1005: ',' expected.
server/areaIntelligence.ts(2153,60): error TS1005: ',' expected.
server/areaIntelligence.ts(2153,73): error TS1005: ',' expected.
server/areaIntelligence.ts(2153,108): error TS1005: ',' expected.
server/areaIntelligence.ts(2153,120): error TS1005: ',' expected.
server/areaIntelligence.ts(2153,124): error TS1005: ',' expected.
server/areaIntelligence.ts(2153,158): error TS1005: ',' expected.
server/areaIntelligence.ts(2153,171): error TS1005: ',' expected.
server/areaIntelligence.ts(2154,14): error TS1109: Expression expected.
server/areaIntelligence.ts(2154,15): error TS1109: Expression expected.
server/areaIntelligence.ts(2154,17): error TS1005: ',' expected.
server/areaIntelligence.ts(2154,30): error TS1005: ',' expected.
server/areaIntelligence.ts(2154,65): error TS1005: ',' expected.
server/areaIntelligence.ts(2154,77): error TS1005: ',' expected.
server/areaIntelligence.ts(2154,78): error TS1135: Argument expression expected.
server/areaIntelligence.ts(2154,83): error TS1005: ',' expected.
server/areaIntelligence.ts(2155,7): error TS1005: ',' expected.
server/areaIntelligence.ts(2155,12): error TS1005: ',' expected.
server/areaIntelligence.ts(2155,33): error TS1005: ',' expected.
server/areaIntelligence.ts(2155,35): error TS1005: ',' expected.
server/areaIntelligence.ts(2155,40): error TS1005: ',' expected.
server/areaIntelligence.ts(2155,53): error TS1005: ',' expected.
server/areaIntelligence.ts(2155,55): error TS1005: ',' expected.
server/areaIntelligence.ts(2155,58): error TS1005: ',' expected.
server/areaIntelligence.ts(2156,7): error TS1005: ',' expected.
server/areaIntelligence.ts(2156,13): error TS1005: ',' expected.
server/areaIntelligence.ts(2156,24): error TS1005: ',' expected.
server/areaIntelligence.ts(2156,28): error TS1005: ',' expected.
server/areaIntelligence.ts(2156,63): error TS1005: ',' expected.
server/areaIntelligence.ts(2157,7): error TS1005: ',' expected.
server/areaIntelligence.ts(2157,13): error TS1005: ',' expected.
server/areaIntelligence.ts(2157,16): error TS1005: ',' expected.
server/areaIntelligence.ts(2159,5): error TS1434: Unexpected keyword or identifier.
server/areaIntelligence.ts(2159,29): error TS1005: ';' expected.
server/areaIntelligence.ts(2159,30): error TS1128: Declaration or statement expected.
server/areaIntelligence.ts(2160,12): error TS1005: ';' expected.
server/areaIntelligence.ts(2160,22): error TS1005: ';' expected.
server/areaIntelligence.ts(2160,41): error TS1005: ';' expected.
server/areaIntelligence.ts(2160,56): error TS1005: ',' expected.
server/areaIntelligence.ts(2160,57): error TS1135: Argument expression expected.
server/areaIntelligence.ts(2162,5): error TS1435: Unknown keyword or identifier. Did you mean 'from'?
server/areaIntelligence.ts(2162,10): error TS1434: Unexpected keyword or identifier.
server/areaIntelligence.ts(2162,12): error TS1434: Unexpected keyword or identifier.
server/areaIntelligence.ts(2162,18): error TS1434: Unexpected keyword or identifier.
server/areaIntelligence.ts(2162,21): error TS1434: Unexpected keyword or identifier.
server/areaIntelligence.ts(2162,24): error TS1434: Unexpected keyword or identifier.
server/areaIntelligence.ts(2162,28): error TS1435: Unknown keyword or identifier. Did you mean 'null'?
server/areaIntelligence.ts(2162,33): error TS1434: Unexpected keyword or identifier.
server/areaIntelligence.ts(2162,37): error TS1434: Unexpected keyword or identifier.
server/areaIntelligence.ts(2162,40): error TS1434: Unexpected keyword or identifier.
server/areaIntelligence.ts(2162,43): error TS1434: Unexpected keyword or identifier.
server/areaIntelligence.ts(2166,5): error TS1435: Unknown keyword or identifier. Did you mean 'with'?
server/areaIntelligence.ts(2166,10): error TS1434: Unexpected keyword or identifier.
server/areaIntelligence.ts(2167,14): error TS1005: ',' expected.
server/areaIntelligence.ts(2168,80): error TS1005: ',' expected.
server/areaIntelligence.ts(2169,81): error TS1005: ',' expected.
server/areaIntelligence.ts(2170,15): error TS1109: Expression expected.
server/areaIntelligence.ts(2170,16): error TS1109: Expression expected.
server/areaIntelligence.ts(2170,17): error TS1005: ',' expected.
server/areaIntelligence.ts(2170,18): error TS1135: Argument expression expected.
server/areaIntelligence.ts(2170,23): error TS1005: ',' expected.
server/areaIntelligence.ts(2171,7): error TS1005: ',' expected.
server/areaIntelligence.ts(2171,12): error TS1005: ',' expected.
server/areaIntelligence.ts(2171,29): error TS1005: ',' expected.
server/areaIntelligence.ts(2171,31): error TS1005: ',' expected.
server/areaIntelligence.ts(2171,36): error TS1005: ',' expected.
server/areaIntelligence.ts(2171,53): error TS1005: ',' expected.
server/areaIntelligence.ts(2171,55): error TS1005: ',' expected.
server/areaIntelligence.ts(2171,58): error TS1005: ',' expected.
server/areaIntelligence.ts(2171,76): error TS1005: ',' expected.
server/areaIntelligence.ts(2171,82): error TS1005: ',' expected.
server/areaIntelligence.ts(2171,85): error TS1005: ',' expected.
server/areaIntelligence.ts(2173,5): error TS1434: Unexpected keyword or identifier.
server/areaIntelligence.ts(2173,29): error TS1005: ';' expected.
server/areaIntelligence.ts(2173,30): error TS1128: Declaration or statement expected.
server/areaIntelligence.ts(2174,12): error TS1005: ';' expected.
server/areaIntelligence.ts(2174,28): error TS1005: ';' expected.
server/areaIntelligence.ts(2174,50): error TS1005: ';' expected.
server/areaIntelligence.ts(2175,12): error TS1005: ';' expected.
server/areaIntelligence.ts(2175,22): error TS1005: ';' expected.
server/areaIntelligence.ts(2175,30): error TS1005: ';' expected.
server/areaIntelligence.ts(2175,40): error TS1005: ';' expected.
server/areaIntelligence.ts(2175,48): error TS1005: ';' expected.
server/areaIntelligence.ts(2175,56): error TS1005: ';' expected.
server/areaIntelligence.ts(2177,5): error TS1435: Unknown keyword or identifier. Did you mean 'from'?
server/areaIntelligence.ts(2177,10): error TS1434: Unexpected keyword or identifier.
server/areaIntelligence.ts(2177,12): error TS1434: Unexpected keyword or identifier.
server/areaIntelligence.ts(2181,5): error TS1435: Unknown keyword or identifier. Did you mean 'with'?
server/areaIntelligence.ts(2181,10): error TS1434: Unexpected keyword or identifier.
server/areaIntelligence.ts(2182,14): error TS1005: ',' expected.
server/areaIntelligence.ts(2182,19): error TS1005: ',' expected.
server/areaIntelligence.ts(2183,26): error TS1005: ',' expected.
server/areaIntelligence.ts(2183,39): error TS1005: ',' expected.
server/areaIntelligence.ts(2183,59): error TS1005: ',' expected.
server/areaIntelligence.ts(2184,26): error TS1005: ',' expected.
server/areaIntelligence.ts(2184,39): error TS1005: ',' expected.
server/areaIntelligence.ts(2184,59): error TS1005: ',' expected.
server/areaIntelligence.ts(2185,7): error TS1005: ',' expected.
server/areaIntelligence.ts(2185,12): error TS1005: ',' expected.
server/areaIntelligence.ts(2185,28): error TS1005: ',' expected.
server/areaIntelligence.ts(2186,7): error TS1005: ',' expected.
server/areaIntelligence.ts(2186,12): error TS1005: ',' expected.
server/areaIntelligence.ts(2186,34): error TS1005: ',' expected.
server/areaIntelligence.ts(2186,36): error TS1005: ',' expected.
server/areaIntelligence.ts(2186,39): error TS1005: ',' expected.
server/areaIntelligence.ts(2187,7): error TS1005: ',' expected.
server/areaIntelligence.ts(2187,13): error TS1005: ',' expected.
server/areaIntelligence.ts(2187,16): error TS1005: ',' expected.
server/areaIntelligence.ts(2189,5): error TS1434: Unexpected keyword or identifier.
server/areaIntelligence.ts(2189,29): error TS1005: ';' expected.
server/areaIntelligence.ts(2189,30): error TS1128: Declaration or statement expected.
server/areaIntelligence.ts(2190,12): error TS1005: ';' expected.
server/areaIntelligence.ts(2190,23): error TS1005: ';' expected.
server/areaIntelligence.ts(2190,36): error TS1005: ')' expected.
server/areaIntelligence.ts(2190,37): error TS1128: Declaration or statement expected.
server/areaIntelligence.ts(2190,51): error TS1005: ';' expected.
server/areaIntelligence.ts(2192,5): error TS1435: Unknown keyword or identifier. Did you mean 'from'?
server/areaIntelligence.ts(2192,10): error TS1434: Unexpected keyword or identifier.
server/areaIntelligence.ts(2192,12): error TS1434: Unexpected keyword or identifier.
server/areaIntelligence.ts(2192,24): error TS1005: ';' expected.
server/areaIntelligence.ts(2192,28): error TS1434: Unexpected keyword or identifier.
server/areaIntelligence.ts(2192,32): error TS1434: Unexpected keyword or identifier.
server/areaIntelligence.ts(2192,35): error TS1434: Unexpected keyword or identifier.
server/areaIntelligence.ts(2196,5): error TS1434: Unexpected keyword or identifier.
server/areaIntelligence.ts(2196,29): error TS1005: ';' expected.
server/areaIntelligence.ts(2196,30): error TS1128: Declaration or statement expected.
server/areaIntelligence.ts(2197,16): error TS1005: ',' expected.
server/areaIntelligence.ts(2197,21): error TS1005: ',' expected.
server/areaIntelligence.ts(2197,37): error TS1005: ',' expected.
server/areaIntelligence.ts(2197,42): error TS1005: ',' expected.
server/areaIntelligence.ts(2197,46): error TS1005: ',' expected.
server/areaIntelligence.ts(2197,51): error TS1005: ',' expected.
server/areaIntelligence.ts(2197,68): error TS1005: ',' expected.
server/areaIntelligence.ts(2197,73): error TS1005: ',' expected.
server/areaIntelligence.ts(2197,76): error TS1005: ',' expected.
server/areaIntelligence.ts(2197,81): error TS1005: ',' expected.
server/areaIntelligence.ts(2197,98): error TS1005: ',' expected.
server/areaIntelligence.ts(2197,103): error TS1005: ',' expected.
server/areaIntelligence.ts(2197,106): error TS1005: ',' expected.
server/areaIntelligence.ts(2197,111): error TS1005: ',' expected.
server/areaIntelligence.ts(2197,114): error TS1005: ',' expected.
server/areaIntelligence.ts(2198,13): error TS1109: Expression expected.
server/areaIntelligence.ts(2198,14): error TS1109: Expression expected.
server/areaIntelligence.ts(2198,15): error TS1005: ';' expected.
server/areaIntelligence.ts(2198,16): error TS1128: Declaration or statement expected.
server/areaIntelligence.ts(2199,5): error TS1435: Unknown keyword or identifier. Did you mean 'from'?
server/areaIntelligence.ts(2199,10): error TS1434: Unexpected keyword or identifier.
server/areaIntelligence.ts(2199,34): error TS1434: Unexpected keyword or identifier.
server/areaIntelligence.ts(2199,40): error TS1434: Unexpected keyword or identifier.
server/areaIntelligence.ts(2204,5): error TS1435: Unknown keyword or identifier. Did you mean 'with'?
server/areaIntelligence.ts(2204,10): error TS1434: Unexpected keyword or identifier.
server/areaIntelligence.ts(2205,14): error TS1005: ',' expected.
server/areaIntelligence.ts(2205,23): error TS1005: ',' expected.
server/areaIntelligence.ts(2205,37): error TS1005: ',' expected.
server/areaIntelligence.ts(2206,7): error TS1005: ',' expected.
server/areaIntelligence.ts(2206,12): error TS1005: ',' expected.
server/areaIntelligence.ts(2206,31): error TS1005: ',' expected.
server/areaIntelligence.ts(2206,37): error TS1005: ',' expected.
server/areaIntelligence.ts(2207,7): error TS1005: ',' expected.
server/areaIntelligence.ts(2207,13): error TS1005: ',' expected.
server/areaIntelligence.ts(2207,16): error TS1005: ',' expected.
server/areaIntelligence.ts(2207,40): error TS1005: ',' expected.
server/areaIntelligence.ts(2208,17): error TS1005: ';' expected.
server/areaIntelligence.ts(2209,14): error TS1005: ',' expected.
server/areaIntelligence.ts(2211,9): error TS1005: ',' expected.
server/areaIntelligence.ts(2211,14): error TS1005: ',' expected.
server/areaIntelligence.ts(2211,42): error TS1005: ',' expected.
server/areaIntelligence.ts(2211,43): error TS1135: Argument expression expected.
server/areaIntelligence.ts(2211,52): error TS1005: ',' expected.
server/areaIntelligence.ts(2211,57): error TS1005: ',' expected.
server/areaIntelligence.ts(2212,9): error TS1005: ',' expected.
server/areaIntelligence.ts(2212,14): error TS1005: ',' expected.
server/areaIntelligence.ts(2212,42): error TS1005: ',' expected.
server/areaIntelligence.ts(2212,43): error TS1135: Argument expression expected.
server/areaIntelligence.ts(2212,53): error TS1005: ',' expected.
server/areaIntelligence.ts(2212,58): error TS1005: ',' expected.
server/areaIntelligence.ts(2213,9): error TS1005: ',' expected.
server/areaIntelligence.ts(2213,14): error TS1005: ',' expected.
server/areaIntelligence.ts(2213,42): error TS1005: ',' expected.
server/areaIntelligence.ts(2213,43): error TS1135: Argument expression expected.
server/areaIntelligence.ts(2213,53): error TS1005: ',' expected.
server/areaIntelligence.ts(2213,58): error TS1005: ',' expected.
server/areaIntelligence.ts(2214,9): error TS1005: ',' expected.
server/areaIntelligence.ts(2214,14): error TS1005: ',' expected.
server/areaIntelligence.ts(2214,42): error TS1005: ',' expected.
server/areaIntelligence.ts(2214,43): error TS1135: Argument expression expected.
server/areaIntelligence.ts(2214,53): error TS1005: ',' expected.
server/areaIntelligence.ts(2214,58): error TS1005: ',' expected.
server/areaIntelligence.ts(2214,61): error TS1005: ',' expected.
server/areaIntelligence.ts(2214,66): error TS1005: ',' expected.
server/areaIntelligence.ts(2214,68): error TS1005: ',' expected.
server/areaIntelligence.ts(2214,72): error TS1005: ',' expected.
server/areaIntelligence.ts(2215,75): error TS1005: ',' expected.
server/areaIntelligence.ts(2216,7): error TS1005: ',' expected.
server/areaIntelligence.ts(2216,12): error TS1005: ',' expected.
server/areaIntelligence.ts(2216,29): error TS1005: ',' expected.
server/areaIntelligence.ts(2217,7): error TS1005: ',' expected.
server/areaIntelligence.ts(2217,12): error TS1005: ',' expected.
server/areaIntelligence.ts(2217,28): error TS1005: ',' expected.
server/areaIntelligence.ts(2217,30): error TS1005: ',' expected.
server/areaIntelligence.ts(2217,33): error TS1005: ',' expected.
server/areaIntelligence.ts(2218,7): error TS1005: ',' expected.
server/areaIntelligence.ts(2218,12): error TS1005: ',' expected.
server/areaIntelligence.ts(2218,21): error TS1005: ',' expected.
server/areaIntelligence.ts(2218,23): error TS1005: ',' expected.
server/areaIntelligence.ts(2218,26): error TS1005: ',' expected.
server/areaIntelligence.ts(2218,45): error TS1005: ',' expected.
server/areaIntelligence.ts(2218,49): error TS1005: ',' expected.
server/areaIntelligence.ts(2219,7): error TS1005: ',' expected.
server/areaIntelligence.ts(2219,12): error TS1005: ',' expected.
server/areaIntelligence.ts(2219,25): error TS1005: ',' expected.
server/areaIntelligence.ts(2219,28): error TS1005: ',' expected.
server/areaIntelligence.ts(2219,31): error TS1005: ',' expected.
server/areaIntelligence.ts(2220,17): error TS1005: ';' expected.
server/areaIntelligence.ts(2221,14): error TS1005: ',' expected.
server/areaIntelligence.ts(2222,90): error TS1005: ',' expected.
server/areaIntelligence.ts(2223,14): error TS1109: Expression expected.
server/areaIntelligence.ts(2223,15): error TS1109: Expression expected.
server/areaIntelligence.ts(2223,17): error TS1005: ',' expected.
server/areaIntelligence.ts(2223,30): error TS1005: ',' expected.
server/areaIntelligence.ts(2223,42): error TS1005: ',' expected.
server/areaIntelligence.ts(2223,43): error TS1135: Argument expression expected.
server/areaIntelligence.ts(2223,48): error TS1005: ',' expected.
server/areaIntelligence.ts(2224,7): error TS1005: ',' expected.
server/areaIntelligence.ts(2224,12): error TS1005: ',' expected.
server/areaIntelligence.ts(2224,21): error TS1005: ',' expected.
server/areaIntelligence.ts(2224,27): error TS1005: ',' expected.
server/areaIntelligence.ts(2224,39): error TS1005: ',' expected.
server/areaIntelligence.ts(2224,45): error TS1005: ',' expected.
server/areaIntelligence.ts(2224,48): error TS1005: ',' expected.
server/areaIntelligence.ts(2225,17): error TS1005: ';' expected.
server/areaIntelligence.ts(2226,14): error TS1005: ',' expected.
server/areaIntelligence.ts(2227,90): error TS1005: ',' expected.
server/areaIntelligence.ts(2228,7): error TS1005: ',' expected.
server/areaIntelligence.ts(2228,12): error TS1005: ',' expected.
server/areaIntelligence.ts(2228,21): error TS1005: ',' expected.
server/areaIntelligence.ts(2228,27): error TS1005: ',' expected.
server/areaIntelligence.ts(2228,39): error TS1005: ',' expected.
server/areaIntelligence.ts(2228,45): error TS1005: ',' expected.
server/areaIntelligence.ts(2228,48): error TS1005: ',' expected.
server/areaIntelligence.ts(2230,5): error TS1434: Unexpected keyword or identifier.
server/areaIntelligence.ts(2231,5): error TS1435: Unknown keyword or identifier. Did you mean 'from'?
server/areaIntelligence.ts(2231,10): error TS1434: Unexpected keyword or identifier.
server/areaIntelligence.ts(2231,19): error TS1434: Unexpected keyword or identifier.
server/areaIntelligence.ts(2231,21): error TS1435: Unknown keyword or identifier. Did you mean 'let'?
server/areaIntelligence.ts(2231,26): error TS1434: Unexpected keyword or identifier.
server/areaIntelligence.ts(2231,31): error TS1434: Unexpected keyword or identifier.
server/areaIntelligence.ts(2231,40): error TS1434: Unexpected keyword or identifier.
server/areaIntelligence.ts(2236,7): error TS1434: Unexpected keyword or identifier.
server/areaIntelligence.ts(2236,14): error TS1434: Unexpected keyword or identifier.
server/areaIntelligence.ts(2237,19): error TS1005: ',' expected.
server/areaIntelligence.ts(2237,20): error TS1135: Argument expression expected.
server/areaIntelligence.ts(2237,64): error TS1005: ',' expected.
server/areaIntelligence.ts(2237,65): error TS1135: Argument expression expected.
server/areaIntelligence.ts(2238,42): error TS1005: ',' expected.
server/areaIntelligence.ts(2238,43): error TS1135: Argument expression expected.
server/areaIntelligence.ts(2238,67): error TS1005: ',' expected.
server/areaIntelligence.ts(2238,68): error TS1135: Argument expression expected.
server/areaIntelligence.ts(2238,92): error TS1005: ',' expected.
server/areaIntelligence.ts(2238,93): error TS1135: Argument expression expected.
server/areaIntelligence.ts(2239,7): error TS1434: Unexpected keyword or identifier.
server/areaIntelligence.ts(2239,50): error TS1005: ';' expected.
server/areaIntelligence.ts(2239,53): error TS1434: Unexpected keyword or identifier.
server/areaIntelligence.ts(2250,5): error TS1435: Unknown keyword or identifier. Did you mean 'with'?
server/areaIntelligence.ts(2250,10): error TS1434: Unexpected keyword or identifier.
server/areaIntelligence.ts(2251,14): error TS1005: ',' expected.
server/areaIntelligence.ts(2251,23): error TS1005: ',' expected.
server/areaIntelligence.ts(2252,9): error TS1005: ',' expected.
server/areaIntelligence.ts(2253,7): error TS1005: ',' expected.
server/areaIntelligence.ts(2253,12): error TS1005: ',' expected.
server/areaIntelligence.ts(2253,34): error TS1005: ',' expected.
server/areaIntelligence.ts(2253,36): error TS1005: ',' expected.
server/areaIntelligence.ts(2253,42): error TS1005: ',' expected.
server/areaIntelligence.ts(2253,45): error TS1005: ',' expected.
server/areaIntelligence.ts(2253,81): error TS1005: ',' expected.
server/areaIntelligence.ts(2253,102): error TS1005: ',' expected.
server/areaIntelligence.ts(2255,5): error TS1434: Unexpected keyword or identifier.
server/areaIntelligence.ts(2255,17): error TS1005: ';' expected.
server/areaIntelligence.ts(2257,22): error TS1005: ',' expected.
server/areaIntelligence.ts(2257,35): error TS1005: ',' expected.
server/areaIntelligence.ts(2257,38): error TS1005: ',' expected.
server/areaIntelligence.ts(2257,42): error TS1005: ',' expected.
server/areaIntelligence.ts(2257,48): error TS1005: ';' expected.
server/areaIntelligence.ts(2258,5): error TS1435: Unknown keyword or identifier. Did you mean 'from'?
server/areaIntelligence.ts(2258,10): error TS1434: Unexpected keyword or identifier.
server/areaIntelligence.ts(2258,26): error TS1434: Unexpected keyword or identifier.
server/areaIntelligence.ts(2258,28): error TS1435: Unknown keyword or identifier. Did you mean 'let'?
server/areaIntelligence.ts(2258,33): error TS1434: Unexpected keyword or identifier.
server/areaIntelligence.ts(2258,38): error TS1434: Unexpected keyword or identifier.
server/areaIntelligence.ts(2258,45): error TS1434: Unexpected keyword or identifier.
server/areaIntelligence.ts(2258,47): error TS1434: Unexpected keyword or identifier.
server/areaIntelligence.ts(2259,5): error TS1434: Unexpected keyword or identifier.
server/areaIntelligence.ts(2259,11): error TS1434: Unexpected keyword or identifier.
server/areaIntelligence.ts(2294,7): error TS1434: Unexpected keyword or identifier.
server/areaIntelligence.ts(2294,14): error TS1434: Unexpected keyword or identifier.
server/areaIntelligence.ts(2296,40): error TS1005: ',' expected.
server/areaIntelligence.ts(2296,41): error TS1135: Argument expression expected.
server/areaIntelligence.ts(2296,51): error TS1005: ',' expected.
server/areaIntelligence.ts(2296,52): error TS1135: Argument expression expected.
server/areaIntelligence.ts(2299,7): error TS1434: Unexpected keyword or identifier.
server/areaIntelligence.ts(2299,14): error TS1434: Unexpected keyword or identifier.
server/areaIntelligence.ts(2302,7): error TS1434: Unexpected keyword or identifier.
server/areaIntelligence.ts(2302,28): error TS1005: ';' expected.
server/areaIntelligence.ts(2302,31): error TS1434: Unexpected keyword or identifier.
server/areaIntelligence.ts(2332,7): error TS1434: Unexpected keyword or identifier.
server/areaIntelligence.ts(2332,14): error TS1434: Unexpected keyword or identifier.
server/areaIntelligence.ts(2332,32): error TS1435: Unknown keyword or identifier. Did you mean 'set'?
server/areaIntelligence.ts(2333,39): error TS1005: ';' expected.
server/areaIntelligence.ts(2333,40): error TS1128: Declaration or statement expected.
server/areaIntelligence.ts(2333,41): error TS1434: Unexpected keyword or identifier.
server/areaIntelligence.ts(2333,47): error TS1434: Unexpected keyword or identifier.
server/areaIntelligence.ts(2345,6): error TS1005: ';' expected.
server/areaIntelligence.ts(2358,5): error TS1005: ',' expected.
server/areaIntelligence.ts(2358,12): error TS1005: ',' expected.
server/areaIntelligence.ts(2358,17): error TS1005: ',' expected.
server/areaIntelligence.ts(2359,5): error TS1005: ',' expected.
server/areaIntelligence.ts(2359,12): error TS1005: ',' expected.
server/areaIntelligence.ts(2359,59): error TS1005: ',' expected.
server/areaIntelligence.ts(2359,60): error TS1135: Argument expression expected.
server/areaIntelligence.ts(2361,17): error TS1005: ',' expected.
server/areaIntelligence.ts(2361,22): error TS1005: ',' expected.
server/areaIntelligence.ts(2361,29): error TS1005: ',' expected.
server/areaIntelligence.ts(2361,32): error TS1005: ',' expected.
server/areaIntelligence.ts(2361,37): error TS1005: ',' expected.
server/areaIntelligence.ts(2361,42): error TS1005: ',' expected.
server/areaIntelligence.ts(2361,47): error TS1005: ',' expected.
server/areaIntelligence.ts(2361,52): error TS1005: ',' expected.
server/areaIntelligence.ts(2361,78): error TS1005: ',' expected.
server/areaIntelligence.ts(2362,5): error TS1005: ',' expected.
server/areaIntelligence.ts(2362,10): error TS1005: ',' expected.
server/areaIntelligence.ts(2362,28): error TS1005: ',' expected.
server/areaIntelligence.ts(2363,5): error TS1005: ',' expected.
server/areaIntelligence.ts(2363,10): error TS1005: ',' expected.
server/areaIntelligence.ts(2363,15): error TS1005: ',' expected.
server/areaIntelligence.ts(2363,22): error TS1005: ',' expected.
server/areaIntelligence.ts(2363,24): error TS1005: ',' expected.
server/areaIntelligence.ts(2363,27): error TS1005: ',' expected.
server/areaIntelligence.ts(2364,5): error TS1005: ',' expected.
server/areaIntelligence.ts(2364,11): error TS1005: ',' expected.
server/areaIntelligence.ts(2365,5): error TS1005: ',' expected.
server/areaIntelligence.ts(2365,8): error TS1005: ',' expected.
server/areaIntelligence.ts(2365,68): error TS1005: ',' expected.
server/areaIntelligence.ts(2365,71): error TS1005: ',' expected.
server/areaIntelligence.ts(2365,78): error TS1005: ',' expected.
server/areaIntelligence.ts(2366,7): error TS1005: ',' expected.
server/areaIntelligence.ts(2368,5): error TS1005: ',' expected.
server/areaIntelligence.ts(2368,15): error TS1005: ',' expected.
server/areaIntelligence.ts(2376,5): error TS1005: ',' expected.
server/areaIntelligence.ts(2376,12): error TS1005: ',' expected.
server/areaIntelligence.ts(2376,17): error TS1005: ',' expected.
server/areaIntelligence.ts(2377,5): error TS1005: ',' expected.
server/areaIntelligence.ts(2377,12): error TS1005: ',' expected.
server/areaIntelligence.ts(2378,5): error TS1005: ',' expected.
server/areaIntelligence.ts(2378,10): error TS1005: ',' expected.
server/areaIntelligence.ts(2378,23): error TS1005: ',' expected.
server/areaIntelligence.ts(2379,5): error TS1005: ',' expected.
server/areaIntelligence.ts(2379,10): error TS1005: ',' expected.
server/areaIntelligence.ts(2379,18): error TS1005: ',' expected.
server/areaIntelligence.ts(2379,20): error TS1005: ',' expected.
server/areaIntelligence.ts(2379,23): error TS1005: ',' expected.
server/areaIntelligence.ts(2380,5): error TS1005: ',' expected.
server/areaIntelligence.ts(2380,10): error TS1005: ',' expected.
server/areaIntelligence.ts(2380,26): error TS1005: ',' expected.
server/areaIntelligence.ts(2380,28): error TS1005: ',' expected.
server/areaIntelligence.ts(2380,31): error TS1005: ',' expected.
server/areaIntelligence.ts(2381,5): error TS1005: ',' expected.
server/areaIntelligence.ts(2381,8): error TS1005: ',' expected.
server/areaIntelligence.ts(2381,33): error TS1005: ',' expected.
server/areaIntelligence.ts(2381,36): error TS1005: ',' expected.
server/areaIntelligence.ts(2381,43): error TS1005: ',' expected.
server/areaIntelligence.ts(2382,7): error TS1005: ',' expected.
server/areaIntelligence.ts(2384,5): error TS1005: ',' expected.
server/areaIntelligence.ts(2384,15): error TS1005: ',' expected.
server/areaIntelligence.ts(2389,5): error TS1005: ',' expected.
server/areaIntelligence.ts(2389,12): error TS1005: ',' expected.
server/areaIntelligence.ts(2389,17): error TS1005: ',' expected.
server/areaIntelligence.ts(2390,5): error TS1005: ',' expected.
server/areaIntelligence.ts(2390,12): error TS1005: ',' expected.
server/areaIntelligence.ts(2390,21): error TS1005: ',' expected.
server/areaIntelligence.ts(2390,30): error TS1005: ',' expected.
server/areaIntelligence.ts(2391,5): error TS1005: ',' expected.
server/areaIntelligence.ts(2391,10): error TS1005: ',' expected.
server/areaIntelligence.ts(2391,23): error TS1005: ',' expected.
server/areaIntelligence.ts(2392,5): error TS1005: ',' expected.
server/areaIntelligence.ts(2392,10): error TS1005: ',' expected.
server/areaIntelligence.ts(2392,18): error TS1005: ',' expected.
server/areaIntelligence.ts(2392,20): error TS1005: ',' expected.
server/areaIntelligence.ts(2392,23): error TS1005: ',' expected.
server/areaIntelligence.ts(2392,40): error TS1005: ',' expected.
server/areaIntelligence.ts(2392,44): error TS1005: ',' expected.
server/areaIntelligence.ts(2392,51): error TS1005: ',' expected.
server/areaIntelligence.ts(2392,54): error TS1005: ',' expected.
server/areaIntelligence.ts(2392,58): error TS1005: ',' expected.
server/areaIntelligence.ts(2393,5): error TS1005: ',' expected.
server/areaIntelligence.ts(2393,10): error TS1005: ',' expected.
server/areaIntelligence.ts(2393,26): error TS1005: ',' expected.
server/areaIntelligence.ts(2393,28): error TS1005: ',' expected.
server/areaIntelligence.ts(2393,31): error TS1005: ',' expected.
server/areaIntelligence.ts(2393,38): error TS1005: ',' expected.
server/areaIntelligence.ts(2393,41): error TS1005: ',' expected.
server/areaIntelligence.ts(2393,45): error TS1005: ',' expected.
server/areaIntelligence.ts(2393,50): error TS1005: ',' expected.
server/areaIntelligence.ts(2393,54): error TS1005: ',' expected.
server/areaIntelligence.ts(2394,5): error TS1005: ',' expected.
server/areaIntelligence.ts(2394,10): error TS1005: ',' expected.
server/areaIntelligence.ts(2394,15): error TS1005: ',' expected.
server/areaIntelligence.ts(2394,36): error TS1005: ',' expected.
server/areaIntelligence.ts(2394,38): error TS1005: ',' expected.
server/areaIntelligence.ts(2394,41): error TS1005: ',' expected.
server/areaIntelligence.ts(2395,5): error TS1005: ',' expected.
server/areaIntelligence.ts(2395,11): error TS1005: ',' expected.
server/areaIntelligence.ts(2395,28): error TS1005: ',' expected.
server/areaIntelligence.ts(2395,31): error TS1005: ',' expected.
server/areaIntelligence.ts(2396,5): error TS1005: ',' expected.
server/areaIntelligence.ts(2396,11): error TS1005: ',' expected.
server/areaIntelligence.ts(2396,14): error TS1005: ',' expected.
server/areaIntelligence.ts(2397,5): error TS1005: ',' expected.
server/areaIntelligence.ts(2397,8): error TS1005: ',' expected.
server/areaIntelligence.ts(2397,33): error TS1005: ',' expected.
server/areaIntelligence.ts(2397,36): error TS1005: ',' expected.
server/areaIntelligence.ts(2398,5): error TS1005: ',' expected.
server/areaIntelligence.ts(2398,15): error TS1005: ',' expected.
server/areaIntelligence.ts(2403,5): error TS1005: ',' expected.
server/areaIntelligence.ts(2403,10): error TS1005: ',' expected.
server/areaIntelligence.ts(2403,25): error TS1005: ',' expected.
server/areaIntelligence.ts(2404,14): error TS1005: ',' expected.
server/areaIntelligence.ts(2404,44): error TS1005: ',' expected.
server/areaIntelligence.ts(2405,19): error TS1005: ',' expected.
server/areaIntelligence.ts(2405,24): error TS1005: ',' expected.
server/areaIntelligence.ts(2405,31): error TS1005: ',' expected.
server/areaIntelligence.ts(2405,34): error TS1005: ',' expected.
server/areaIntelligence.ts(2405,38): error TS1005: ',' expected.
server/areaIntelligence.ts(2405,43): error TS1005: ',' expected.
server/areaIntelligence.ts(2405,48): error TS1005: ',' expected.
server/areaIntelligence.ts(2405,65): error TS1005: ',' expected.
server/areaIntelligence.ts(2405,70): error TS1005: ',' expected.
server/areaIntelligence.ts(2405,92): error TS1005: ',' expected.
server/areaIntelligence.ts(2405,96): error TS1005: ',' expected.
server/areaIntelligence.ts(2406,7): error TS1005: ',' expected.
server/areaIntelligence.ts(2406,12): error TS1005: ',' expected.
server/areaIntelligence.ts(2406,21): error TS1005: ',' expected.
server/areaIntelligence.ts(2407,7): error TS1005: ',' expected.
server/areaIntelligence.ts(2407,12): error TS1005: ',' expected.
server/areaIntelligence.ts(2407,17): error TS1005: ',' expected.
server/areaIntelligence.ts(2407,27): error TS1005: ',' expected.
server/areaIntelligence.ts(2407,29): error TS1005: ',' expected.
server/areaIntelligence.ts(2407,32): error TS1005: ',' expected.
server/areaIntelligence.ts(2408,7): error TS1005: ',' expected.
server/areaIntelligence.ts(2408,12): error TS1005: ',' expected.
server/areaIntelligence.ts(2408,17): error TS1005: ',' expected.
server/areaIntelligence.ts(2408,28): error TS1005: ',' expected.
server/areaIntelligence.ts(2408,31): error TS1005: ',' expected.
server/areaIntelligence.ts(2408,34): error TS1005: ',' expected.
server/areaIntelligence.ts(2409,7): error TS1005: ',' expected.
server/areaIntelligence.ts(2409,12): error TS1005: ',' expected.
server/areaIntelligence.ts(2409,17): error TS1005: ',' expected.
server/areaIntelligence.ts(2409,27): error TS1005: ',' expected.
server/areaIntelligence.ts(2409,30): error TS1005: ',' expected.
server/areaIntelligence.ts(2409,33): error TS1005: ',' expected.
server/areaIntelligence.ts(2410,7): error TS1005: ',' expected.
server/areaIntelligence.ts(2410,13): error TS1005: ',' expected.
server/areaIntelligence.ts(2410,38): error TS1005: ',' expected.
server/areaIntelligence.ts(2410,41): error TS1005: ',' expected.
server/areaIntelligence.ts(2410,45): error TS1005: ',' expected.
server/areaIntelligence.ts(2412,5): error TS1005: ',' expected.
server/areaIntelligence.ts(2412,12): error TS1005: ',' expected.
server/areaIntelligence.ts(2412,17): error TS1005: ',' expected.
server/areaIntelligence.ts(2413,5): error TS1005: ',' expected.
server/areaIntelligence.ts(2413,12): error TS1005: ',' expected.
server/areaIntelligence.ts(2413,21): error TS1005: ',' expected.
server/areaIntelligence.ts(2413,31): error TS1005: ',' expected.
server/areaIntelligence.ts(2414,12): error TS1005: ',' expected.
server/areaIntelligence.ts(2414,17): error TS1005: ',' expected.
server/areaIntelligence.ts(2414,44): error TS1005: ',' expected.
server/areaIntelligence.ts(2414,49): error TS1005: ',' expected.
server/areaIntelligence.ts(2414,53): error TS1005: ',' expected.
server/areaIntelligence.ts(2414,58): error TS1005: ',' expected.
server/areaIntelligence.ts(2414,62): error TS1005: ',' expected.
server/areaIntelligence.ts(2415,5): error TS1005: ',' expected.
server/areaIntelligence.ts(2415,10): error TS1005: ',' expected.
server/areaIntelligence.ts(2415,25): error TS1005: ',' expected.
server/areaIntelligence.ts(2416,5): error TS1005: ',' expected.
server/areaIntelligence.ts(2416,10): error TS1005: ',' expected.
server/areaIntelligence.ts(2416,26): error TS1005: ',' expected.
server/areaIntelligence.ts(2416,28): error TS1005: ',' expected.
server/areaIntelligence.ts(2416,31): error TS1005: ',' expected.
server/areaIntelligence.ts(2416,38): error TS1005: ',' expected.
server/areaIntelligence.ts(2416,41): error TS1005: ',' expected.
server/areaIntelligence.ts(2416,45): error TS1005: ',' expected.
server/areaIntelligence.ts(2416,50): error TS1005: ',' expected.
server/areaIntelligence.ts(2416,54): error TS1005: ',' expected.
server/areaIntelligence.ts(2417,5): error TS1005: ',' expected.
server/areaIntelligence.ts(2417,11): error TS1005: ',' expected.
server/areaIntelligence.ts(2417,14): error TS1005: ',' expected.
server/areaIntelligence.ts(2418,5): error TS1005: ',' expected.
server/areaIntelligence.ts(2418,8): error TS1005: ',' expected.
server/areaIntelligence.ts(2418,29): error TS1005: ',' expected.
server/areaIntelligence.ts(2418,32): error TS1005: ',' expected.
server/areaIntelligence.ts(2418,39): error TS1005: ',' expected.
server/areaIntelligence.ts(2419,7): error TS1005: ',' expected.
server/areaIntelligence.ts(2421,5): error TS1005: ',' expected.
server/areaIntelligence.ts(2421,15): error TS1005: ',' expected.
server/areaIntelligence.ts(2426,5): error TS1005: ',' expected.
server/areaIntelligence.ts(2426,12): error TS1005: ',' expected.
server/areaIntelligence.ts(2426,17): error TS1005: ',' expected.
server/areaIntelligence.ts(2427,5): error TS1005: ',' expected.
server/areaIntelligence.ts(2427,12): error TS1005: ',' expected.
server/areaIntelligence.ts(2428,12): error TS1005: ',' expected.
server/areaIntelligence.ts(2428,17): error TS1005: ',' expected.
server/areaIntelligence.ts(2428,31): error TS1005: ',' expected.
server/areaIntelligence.ts(2428,32): error TS1135: Argument expression expected.
server/areaIntelligence.ts(2429,9): error TS1005: ',' expected.
server/areaIntelligence.ts(2429,14): error TS1005: ',' expected.
server/areaIntelligence.ts(2429,52): error TS1005: ',' expected.
server/areaIntelligence.ts(2429,53): error TS1135: Argument expression expected.
server/areaIntelligence.ts(2429,79): error TS1005: ',' expected.
server/areaIntelligence.ts(2429,80): error TS1135: Argument expression expected.
server/areaIntelligence.ts(2429,92): error TS1005: ',' expected.
server/areaIntelligence.ts(2431,5): error TS1005: ',' expected.
server/areaIntelligence.ts(2431,10): error TS1005: ',' expected.
server/areaIntelligence.ts(2431,27): error TS1005: ',' expected.
server/areaIntelligence.ts(2432,5): error TS1005: ',' expected.
server/areaIntelligence.ts(2432,10): error TS1005: ',' expected.
server/areaIntelligence.ts(2432,26): error TS1005: ',' expected.
server/areaIntelligence.ts(2432,28): error TS1005: ',' expected.
server/areaIntelligence.ts(2432,31): error TS1005: ',' expected.
server/areaIntelligence.ts(2432,38): error TS1005: ',' expected.
server/areaIntelligence.ts(2432,41): error TS1005: ',' expected.
server/areaIntelligence.ts(2432,45): error TS1005: ',' expected.
server/areaIntelligence.ts(2432,50): error TS1005: ',' expected.
server/areaIntelligence.ts(2432,54): error TS1005: ',' expected.
server/areaIntelligence.ts(2432,61): error TS1005: ',' expected.
server/areaIntelligence.ts(2432,64): error TS1005: ',' expected.
server/areaIntelligence.ts(2432,68): error TS1005: ',' expected.
server/areaIntelligence.ts(2432,73): error TS1005: ',' expected.
server/areaIntelligence.ts(2432,77): error TS1005: ',' expected.
server/areaIntelligence.ts(2433,5): error TS1005: ',' expected.
server/areaIntelligence.ts(2433,8): error TS1005: ',' expected.
server/areaIntelligence.ts(2433,37): error TS1005: ',' expected.
server/areaIntelligence.ts(2433,40): error TS1005: ',' expected.
server/areaIntelligence.ts(2433,47): error TS1005: ',' expected.
server/areaIntelligence.ts(2433,51): error TS1005: ',' expected.
server/areaIntelligence.ts(2434,5): error TS1005: ',' expected.
server/areaIntelligence.ts(2434,15): error TS1005: ',' expected.
server/areaIntelligence.ts(2439,5): error TS1005: ',' expected.
server/areaIntelligence.ts(2439,12): error TS1005: ',' expected.
server/areaIntelligence.ts(2439,17): error TS1005: ',' expected.
server/areaIntelligence.ts(2440,5): error TS1005: ',' expected.
server/areaIntelligence.ts(2440,12): error TS1005: ',' expected.
server/areaIntelligence.ts(2440,40): error TS1005: ',' expected.
server/areaIntelligence.ts(2440,41): error TS1135: Argument expression expected.
server/areaIntelligence.ts(2440,58): error TS1005: ',' expected.
server/areaIntelligence.ts(2440,59): error TS1135: Argument expression expected.
server/areaIntelligence.ts(2441,5): error TS1005: ',' expected.
server/areaIntelligence.ts(2441,10): error TS1005: ',' expected.
server/areaIntelligence.ts(2441,34): error TS1005: ',' expected.
server/areaIntelligence.ts(2442,5): error TS1005: ',' expected.
server/areaIntelligence.ts(2442,10): error TS1005: ',' expected.
server/areaIntelligence.ts(2442,26): error TS1005: ',' expected.
server/areaIntelligence.ts(2442,28): error TS1005: ',' expected.
server/areaIntelligence.ts(2442,31): error TS1005: ',' expected.
server/areaIntelligence.ts(2442,38): error TS1005: ',' expected.
server/areaIntelligence.ts(2442,41): error TS1005: ',' expected.
server/areaIntelligence.ts(2442,45): error TS1005: ',' expected.
server/areaIntelligence.ts(2442,50): error TS1005: ',' expected.
server/areaIntelligence.ts(2442,54): error TS1005: ',' expected.
server/areaIntelligence.ts(2442,61): error TS1005: ',' expected.
server/areaIntelligence.ts(2442,64): error TS1005: ',' expected.
server/areaIntelligence.ts(2442,68): error TS1005: ',' expected.
server/areaIntelligence.ts(2443,7): error TS1005: ',' expected.
server/areaIntelligence.ts(2443,11): error TS1005: ',' expected.
server/areaIntelligence.ts(2443,28): error TS1005: ',' expected.
server/areaIntelligence.ts(2443,29): error TS1135: Argument expression expected.
server/areaIntelligence.ts(2443,46): error TS1005: ',' expected.
server/areaIntelligence.ts(2443,47): error TS1135: Argument expression expected.
server/areaIntelligence.ts(2444,5): error TS1005: ',' expected.
server/areaIntelligence.ts(2444,8): error TS1005: ',' expected.
server/areaIntelligence.ts(2444,37): error TS1005: ',' expected.
server/areaIntelligence.ts(2444,40): error TS1005: ',' expected.
server/areaIntelligence.ts(2444,47): error TS1005: ',' expected.
server/areaIntelligence.ts(2444,51): error TS1005: ',' expected.
server/areaIntelligence.ts(2445,5): error TS1005: ',' expected.
server/areaIntelligence.ts(2445,15): error TS1005: ',' expected.
server/areaIntelligence.ts(2453,5): error TS1005: ',' expected.
server/areaIntelligence.ts(2453,12): error TS1005: ',' expected.
server/areaIntelligence.ts(2453,17): error TS1005: ',' expected.
server/areaIntelligence.ts(2454,5): error TS1005: ',' expected.
server/areaIntelligence.ts(2454,6): error TS1005: ',' expected.
server/areaIntelligence.ts(2455,5): error TS1005: ',' expected.
server/areaIntelligence.ts(2455,8): error TS1005: ',' expected.
server/areaIntelligence.ts(2455,48): error TS1005: ',' expected.
server/areaIntelligence.ts(2455,51): error TS1005: ',' expected.
server/areaIntelligence.ts(2455,58): error TS1005: ',' expected.
server/areaIntelligence.ts(2456,7): error TS1005: ',' expected.
server/areaIntelligence.ts(2458,5): error TS1005: ',' expected.
server/areaIntelligence.ts(2458,15): error TS1005: ',' expected.
server/areaIntelligence.ts(2467,5): error TS1005: ',' expected.
server/areaIntelligence.ts(2467,12): error TS1005: ',' expected.
server/areaIntelligence.ts(2467,31): error TS1005: ',' expected.
server/areaIntelligence.ts(2467,32): error TS1135: Argument expression expected.
server/areaIntelligence.ts(2467,68): error TS1109: Expression expected.
server/areaIntelligence.ts(2467,69): error TS1109: Expression expected.
server/areaIntelligence.ts(2467,70): error TS1005: ',' expected.
server/areaIntelligence.ts(2467,71): error TS1135: Argument expression expected.
server/areaIntelligence.ts(2467,86): error TS1109: Expression expected.
server/areaIntelligence.ts(2467,87): error TS1109: Expression expected.
server/areaIntelligence.ts(2467,88): error TS1005: ',' expected.
server/areaIntelligence.ts(2467,89): error TS1135: Argument expression expected.
server/areaIntelligence.ts(2468,21): error TS1109: Expression expected.
server/areaIntelligence.ts(2468,22): error TS1109: Expression expected.
server/areaIntelligence.ts(2468,23): error TS1005: ',' expected.
server/areaIntelligence.ts(2468,24): error TS1135: Argument expression expected.
server/areaIntelligence.ts(2469,5): error TS1005: ',' expected.
server/areaIntelligence.ts(2469,10): error TS1005: ',' expected.
server/areaIntelligence.ts(2469,31): error TS1005: ',' expected.
server/areaIntelligence.ts(2469,33): error TS1005: ',' expected.
server/areaIntelligence.ts(2469,38): error TS1005: ',' expected.
server/areaIntelligence.ts(2469,51): error TS1005: ',' expected.
server/areaIntelligence.ts(2469,53): error TS1005: ',' expected.
server/areaIntelligence.ts(2469,56): error TS1005: ',' expected.
server/areaIntelligence.ts(2470,5): error TS1005: ',' expected.
server/areaIntelligence.ts(2470,11): error TS1005: ',' expected.
server/areaIntelligence.ts(2470,46): error TS1005: ',' expected.
server/areaIntelligence.ts(2471,5): error TS1005: ',' expected.
server/areaIntelligence.ts(2471,11): error TS1005: ',' expected.
server/areaIntelligence.ts(2471,14): error TS1005: ',' expected.
server/areaIntelligence.ts(2475,5): error TS1005: ',' expected.
server/areaIntelligence.ts(2475,12): error TS1005: ',' expected.
server/areaIntelligence.ts(2475,31): error TS1005: ',' expected.
server/areaIntelligence.ts(2475,32): error TS1135: Argument expression expected.
server/areaIntelligence.ts(2476,27): error TS1005: ',' expected.
server/areaIntelligence.ts(2476,34): error TS1005: ',' expected.
server/areaIntelligence.ts(2476,46): error TS1005: ',' expected.
server/areaIntelligence.ts(2476,49): error TS1005: ',' expected.
server/areaIntelligence.ts(2476,65): error TS1109: Expression expected.
server/areaIntelligence.ts(2476,66): error TS1109: Expression expected.
server/areaIntelligence.ts(2476,67): error TS1005: ',' expected.
server/areaIntelligence.ts(2476,68): error TS1135: Argument expression expected.
server/areaIntelligence.ts(2477,21): error TS1109: Expression expected.
server/areaIntelligence.ts(2477,22): error TS1109: Expression expected.
server/areaIntelligence.ts(2477,23): error TS1005: ',' expected.
server/areaIntelligence.ts(2477,24): error TS1135: Argument expression expected.
server/areaIntelligence.ts(2478,5): error TS1005: ',' expected.
server/areaIntelligence.ts(2478,10): error TS1005: ',' expected.
server/areaIntelligence.ts(2478,31): error TS1005: ',' expected.
server/areaIntelligence.ts(2478,33): error TS1005: ',' expected.
server/areaIntelligence.ts(2478,38): error TS1005: ',' expected.
server/areaIntelligence.ts(2478,51): error TS1005: ',' expected.
server/areaIntelligence.ts(2478,53): error TS1005: ',' expected.
server/areaIntelligence.ts(2478,56): error TS1005: ',' expected.
server/areaIntelligence.ts(2479,5): error TS1005: ',' expected.
server/areaIntelligence.ts(2479,11): error TS1005: ',' expected.
server/areaIntelligence.ts(2479,46): error TS1005: ',' expected.
server/areaIntelligence.ts(2479,58): error TS1005: ',' expected.
server/areaIntelligence.ts(2479,62): error TS1005: ',' expected.
server/areaIntelligence.ts(2480,5): error TS1005: ',' expected.
server/areaIntelligence.ts(2480,11): error TS1005: ',' expected.
server/areaIntelligence.ts(2480,14): error TS1005: ',' expected.
server/areaIntelligence.ts(2484,5): error TS1005: ',' expected.
server/areaIntelligence.ts(2484,10): error TS1005: ',' expected.
server/areaIntelligence.ts(2484,12): error TS1005: ',' expected.
server/areaIntelligence.ts(2485,14): error TS1005: ',' expected.
server/areaIntelligence.ts(2486,28): error TS1005: ',' expected.
server/areaIntelligence.ts(2486,35): error TS1005: ',' expected.
server/areaIntelligence.ts(2486,47): error TS1005: ',' expected.
server/areaIntelligence.ts(2486,50): error TS1005: ',' expected.
server/areaIntelligence.ts(2486,60): error TS1005: ',' expected.
server/areaIntelligence.ts(2486,73): error TS1005: ',' expected.
server/areaIntelligence.ts(2486,108): error TS1005: ',' expected.
server/areaIntelligence.ts(2486,121): error TS1005: ',' expected.
server/areaIntelligence.ts(2487,28): error TS1005: ',' expected.
server/areaIntelligence.ts(2487,35): error TS1005: ',' expected.
server/areaIntelligence.ts(2487,47): error TS1005: ',' expected.
server/areaIntelligence.ts(2487,50): error TS1005: ',' expected.
server/areaIntelligence.ts(2487,60): error TS1005: ',' expected.
server/areaIntelligence.ts(2487,73): error TS1005: ',' expected.
server/areaIntelligence.ts(2487,108): error TS1005: ',' expected.
server/areaIntelligence.ts(2487,120): error TS1005: ',' expected.
server/areaIntelligence.ts(2487,124): error TS1005: ',' expected.
server/areaIntelligence.ts(2487,158): error TS1005: ',' expected.
server/areaIntelligence.ts(2487,171): error TS1005: ',' expected.
server/areaIntelligence.ts(2488,14): error TS1109: Expression expected.
server/areaIntelligence.ts(2488,15): error TS1109: Expression expected.
server/areaIntelligence.ts(2488,17): error TS1005: ',' expected.
server/areaIntelligence.ts(2488,30): error TS1005: ',' expected.
server/areaIntelligence.ts(2488,65): error TS1005: ',' expected.
server/areaIntelligence.ts(2488,77): error TS1005: ',' expected.
server/areaIntelligence.ts(2488,78): error TS1135: Argument expression expected.
server/areaIntelligence.ts(2488,83): error TS1005: ',' expected.
server/areaIntelligence.ts(2489,7): error TS1005: ',' expected.
server/areaIntelligence.ts(2489,12): error TS1005: ',' expected.
server/areaIntelligence.ts(2489,33): error TS1005: ',' expected.
server/areaIntelligence.ts(2489,35): error TS1005: ',' expected.
server/areaIntelligence.ts(2489,40): error TS1005: ',' expected.
server/areaIntelligence.ts(2489,53): error TS1005: ',' expected.
server/areaIntelligence.ts(2489,55): error TS1005: ',' expected.
server/areaIntelligence.ts(2489,58): error TS1005: ',' expected.
server/areaIntelligence.ts(2490,7): error TS1005: ',' expected.
server/areaIntelligence.ts(2490,13): error TS1005: ',' expected.
server/areaIntelligence.ts(2490,24): error TS1005: ',' expected.
server/areaIntelligence.ts(2490,28): error TS1005: ',' expected.
server/areaIntelligence.ts(2490,63): error TS1005: ',' expected.
server/areaIntelligence.ts(2491,7): error TS1005: ',' expected.
server/areaIntelligence.ts(2491,13): error TS1005: ',' expected.
server/areaIntelligence.ts(2491,16): error TS1005: ',' expected.
server/areaIntelligence.ts(2493,5): error TS1005: ',' expected.
server/areaIntelligence.ts(2493,12): error TS1005: ',' expected.
server/areaIntelligence.ts(2493,29): error TS1005: ',' expected.
server/areaIntelligence.ts(2493,30): error TS1135: Argument expression expected.
server/areaIntelligence.ts(2494,12): error TS1005: ',' expected.
server/areaIntelligence.ts(2494,17): error TS1005: ',' expected.
server/areaIntelligence.ts(2494,22): error TS1005: ',' expected.
server/areaIntelligence.ts(2494,27): error TS1005: ',' expected.
server/areaIntelligence.ts(2494,41): error TS1005: ',' expected.
server/areaIntelligence.ts(2494,56): error TS1005: ',' expected.
server/areaIntelligence.ts(2494,57): error TS1135: Argument expression expected.
server/areaIntelligence.ts(2496,5): error TS1005: ',' expected.
server/areaIntelligence.ts(2496,10): error TS1005: ',' expected.
server/areaIntelligence.ts(2496,12): error TS1005: ',' expected.
server/areaIntelligence.ts(2496,18): error TS1005: ',' expected.
server/areaIntelligence.ts(2496,21): error TS1005: ',' expected.
server/areaIntelligence.ts(2496,24): error TS1005: ',' expected.
server/areaIntelligence.ts(2496,28): error TS1005: ',' expected.
server/areaIntelligence.ts(2496,33): error TS1005: ',' expected.
server/areaIntelligence.ts(2496,37): error TS1005: ',' expected.
server/areaIntelligence.ts(2496,40): error TS1005: ',' expected.
server/areaIntelligence.ts(2496,43): error TS1005: ',' expected.
server/areaIntelligence.ts(2496,47): error TS1005: ',' expected.
server/areaIntelligence.ts(2500,5): error TS1005: ',' expected.
server/areaIntelligence.ts(2500,10): error TS1005: ',' expected.
server/areaIntelligence.ts(2500,12): error TS1005: ',' expected.
server/areaIntelligence.ts(2501,14): error TS1005: ',' expected.
server/areaIntelligence.ts(2502,80): error TS1005: ',' expected.
server/areaIntelligence.ts(2503,81): error TS1005: ',' expected.
server/areaIntelligence.ts(2504,15): error TS1109: Expression expected.
server/areaIntelligence.ts(2504,16): error TS1109: Expression expected.
server/areaIntelligence.ts(2504,17): error TS1005: ',' expected.
server/areaIntelligence.ts(2504,18): error TS1135: Argument expression expected.
server/areaIntelligence.ts(2504,23): error TS1005: ',' expected.
server/areaIntelligence.ts(2505,7): error TS1005: ',' expected.
server/areaIntelligence.ts(2505,12): error TS1005: ',' expected.
server/areaIntelligence.ts(2505,29): error TS1005: ',' expected.
server/areaIntelligence.ts(2505,31): error TS1005: ',' expected.
server/areaIntelligence.ts(2505,36): error TS1005: ',' expected.
server/areaIntelligence.ts(2505,53): error TS1005: ',' expected.
server/areaIntelligence.ts(2505,55): error TS1005: ',' expected.
server/areaIntelligence.ts(2505,58): error TS1005: ',' expected.
server/areaIntelligence.ts(2505,76): error TS1005: ',' expected.
server/areaIntelligence.ts(2505,82): error TS1005: ',' expected.
server/areaIntelligence.ts(2505,85): error TS1005: ',' expected.
server/areaIntelligence.ts(2507,5): error TS1005: ',' expected.
server/areaIntelligence.ts(2507,12): error TS1005: ',' expected.
server/areaIntelligence.ts(2507,29): error TS1005: ',' expected.
server/areaIntelligence.ts(2507,30): error TS1135: Argument expression expected.
server/areaIntelligence.ts(2508,12): error TS1005: ',' expected.
server/areaIntelligence.ts(2508,17): error TS1005: ',' expected.
server/areaIntelligence.ts(2508,28): error TS1005: ',' expected.
server/areaIntelligence.ts(2508,33): error TS1005: ',' expected.
server/areaIntelligence.ts(2508,50): error TS1005: ',' expected.
server/areaIntelligence.ts(2509,12): error TS1005: ',' expected.
server/areaIntelligence.ts(2509,17): error TS1005: ',' expected.
server/areaIntelligence.ts(2509,22): error TS1005: ',' expected.
server/areaIntelligence.ts(2509,27): error TS1005: ',' expected.
server/areaIntelligence.ts(2509,30): error TS1005: ',' expected.
server/areaIntelligence.ts(2509,35): error TS1005: ',' expected.
server/areaIntelligence.ts(2509,40): error TS1005: ',' expected.
server/areaIntelligence.ts(2509,45): error TS1005: ',' expected.
server/areaIntelligence.ts(2509,48): error TS1005: ',' expected.
server/areaIntelligence.ts(2509,53): error TS1005: ',' expected.
server/areaIntelligence.ts(2509,56): error TS1005: ',' expected.
server/areaIntelligence.ts(2511,5): error TS1005: ',' expected.
server/areaIntelligence.ts(2511,10): error TS1005: ',' expected.
server/areaIntelligence.ts(2511,12): error TS1005: ',' expected.
server/areaIntelligence.ts(2511,18): error TS1005: ',' expected.
server/areaIntelligence.ts(2515,5): error TS1005: ',' expected.
server/areaIntelligence.ts(2515,10): error TS1005: ',' expected.
server/areaIntelligence.ts(2515,12): error TS1005: ',' expected.
server/areaIntelligence.ts(2516,14): error TS1005: ',' expected.
server/areaIntelligence.ts(2516,19): error TS1005: ',' expected.
server/areaIntelligence.ts(2517,26): error TS1005: ',' expected.
server/areaIntelligence.ts(2517,39): error TS1005: ',' expected.
server/areaIntelligence.ts(2517,59): error TS1005: ',' expected.
server/areaIntelligence.ts(2518,26): error TS1005: ',' expected.
server/areaIntelligence.ts(2518,39): error TS1005: ',' expected.
server/areaIntelligence.ts(2518,59): error TS1005: ',' expected.
server/areaIntelligence.ts(2519,7): error TS1005: ',' expected.
server/areaIntelligence.ts(2519,12): error TS1005: ',' expected.
server/areaIntelligence.ts(2519,28): error TS1005: ',' expected.
server/areaIntelligence.ts(2520,7): error TS1005: ',' expected.
server/areaIntelligence.ts(2520,12): error TS1005: ',' expected.
server/areaIntelligence.ts(2520,34): error TS1005: ',' expected.
server/areaIntelligence.ts(2520,36): error TS1005: ',' expected.
server/areaIntelligence.ts(2520,39): error TS1005: ',' expected.
server/areaIntelligence.ts(2521,7): error TS1005: ',' expected.
server/areaIntelligence.ts(2521,13): error TS1005: ',' expected.
server/areaIntelligence.ts(2521,16): error TS1005: ',' expected.
server/areaIntelligence.ts(2523,5): error TS1005: ',' expected.
server/areaIntelligence.ts(2523,12): error TS1005: ',' expected.
server/areaIntelligence.ts(2523,29): error TS1005: ',' expected.
server/areaIntelligence.ts(2523,30): error TS1135: Argument expression expected.
server/areaIntelligence.ts(2524,12): error TS1005: ',' expected.
server/areaIntelligence.ts(2524,17): error TS1005: ',' expected.
server/areaIntelligence.ts(2524,23): error TS1005: ',' expected.
server/areaIntelligence.ts(2524,28): error TS1005: ',' expected.
server/areaIntelligence.ts(2524,36): error TS1005: ')' expected.
server/areaIntelligence.ts(2524,37): error TS1135: Argument expression expected.
server/areaIntelligence.ts(2524,53): error TS1005: ',' expected.
server/areaIntelligence.ts(2524,57): error TS1134: Variable declaration expected.
server/areaIntelligence.ts(2526,5): error TS1435: Unknown keyword or identifier. Did you mean 'from'?
server/areaIntelligence.ts(2526,10): error TS1434: Unexpected keyword or identifier.
server/areaIntelligence.ts(2526,12): error TS1434: Unexpected keyword or identifier.
server/areaIntelligence.ts(2526,24): error TS1005: ';' expected.
server/areaIntelligence.ts(2526,28): error TS1434: Unexpected keyword or identifier.
server/areaIntelligence.ts(2526,32): error TS1434: Unexpected keyword or identifier.
server/areaIntelligence.ts(2526,35): error TS1434: Unexpected keyword or identifier.
server/areaIntelligence.ts(2530,5): error TS1434: Unexpected keyword or identifier.
server/areaIntelligence.ts(2530,29): error TS1005: ';' expected.
server/areaIntelligence.ts(2530,30): error TS1128: Declaration or statement expected.
server/areaIntelligence.ts(2531,16): error TS1005: ',' expected.
server/areaIntelligence.ts(2531,21): error TS1005: ',' expected.
server/areaIntelligence.ts(2531,37): error TS1005: ',' expected.
server/areaIntelligence.ts(2531,42): error TS1005: ',' expected.
server/areaIntelligence.ts(2531,46): error TS1005: ',' expected.
server/areaIntelligence.ts(2531,51): error TS1005: ',' expected.
server/areaIntelligence.ts(2531,68): error TS1005: ',' expected.
server/areaIntelligence.ts(2531,73): error TS1005: ',' expected.
server/areaIntelligence.ts(2531,76): error TS1005: ',' expected.
server/areaIntelligence.ts(2531,81): error TS1005: ',' expected.
server/areaIntelligence.ts(2531,98): error TS1005: ',' expected.
server/areaIntelligence.ts(2531,103): error TS1005: ',' expected.
server/areaIntelligence.ts(2531,106): error TS1005: ',' expected.
server/areaIntelligence.ts(2531,111): error TS1005: ',' expected.
server/areaIntelligence.ts(2531,114): error TS1005: ',' expected.
server/areaIntelligence.ts(2532,13): error TS1109: Expression expected.
server/areaIntelligence.ts(2532,14): error TS1109: Expression expected.
server/areaIntelligence.ts(2532,15): error TS1005: ';' expected.
server/areaIntelligence.ts(2532,16): error TS1128: Declaration or statement expected.
server/areaIntelligence.ts(2533,5): error TS1435: Unknown keyword or identifier. Did you mean 'from'?
server/areaIntelligence.ts(2533,10): error TS1434: Unexpected keyword or identifier.
server/areaIntelligence.ts(2533,34): error TS1434: Unexpected keyword or identifier.
server/areaIntelligence.ts(2533,40): error TS1434: Unexpected keyword or identifier.
server/areaIntelligence.ts(2538,5): error TS1435: Unknown keyword or identifier. Did you mean 'with'?
server/areaIntelligence.ts(2538,10): error TS1434: Unexpected keyword or identifier.
server/areaIntelligence.ts(2539,14): error TS1005: ',' expected.
server/areaIntelligence.ts(2539,23): error TS1005: ',' expected.
server/areaIntelligence.ts(2539,37): error TS1005: ',' expected.
server/areaIntelligence.ts(2540,7): error TS1005: ',' expected.
server/areaIntelligence.ts(2540,12): error TS1005: ',' expected.
server/areaIntelligence.ts(2540,31): error TS1005: ',' expected.
server/areaIntelligence.ts(2540,37): error TS1005: ',' expected.
server/areaIntelligence.ts(2541,7): error TS1005: ',' expected.
server/areaIntelligence.ts(2541,13): error TS1005: ',' expected.
server/areaIntelligence.ts(2541,16): error TS1005: ',' expected.
server/areaIntelligence.ts(2541,40): error TS1005: ',' expected.
server/areaIntelligence.ts(2542,17): error TS1005: ';' expected.
server/areaIntelligence.ts(2543,14): error TS1005: ',' expected.
server/areaIntelligence.ts(2545,9): error TS1005: ',' expected.
server/areaIntelligence.ts(2545,14): error TS1005: ',' expected.
server/areaIntelligence.ts(2545,42): error TS1005: ',' expected.
server/areaIntelligence.ts(2545,43): error TS1135: Argument expression expected.
server/areaIntelligence.ts(2545,52): error TS1005: ',' expected.
server/areaIntelligence.ts(2545,57): error TS1005: ',' expected.
server/areaIntelligence.ts(2546,9): error TS1005: ',' expected.
server/areaIntelligence.ts(2546,14): error TS1005: ',' expected.
server/areaIntelligence.ts(2546,42): error TS1005: ',' expected.
server/areaIntelligence.ts(2546,43): error TS1135: Argument expression expected.
server/areaIntelligence.ts(2546,53): error TS1005: ',' expected.
server/areaIntelligence.ts(2546,58): error TS1005: ',' expected.
server/areaIntelligence.ts(2547,9): error TS1005: ',' expected.
server/areaIntelligence.ts(2547,14): error TS1005: ',' expected.
server/areaIntelligence.ts(2547,42): error TS1005: ',' expected.
server/areaIntelligence.ts(2547,43): error TS1135: Argument expression expected.
server/areaIntelligence.ts(2547,53): error TS1005: ',' expected.
server/areaIntelligence.ts(2547,58): error TS1005: ',' expected.
server/areaIntelligence.ts(2548,9): error TS1005: ',' expected.
server/areaIntelligence.ts(2548,14): error TS1005: ',' expected.
server/areaIntelligence.ts(2548,42): error TS1005: ',' expected.
server/areaIntelligence.ts(2548,43): error TS1135: Argument expression expected.
server/areaIntelligence.ts(2548,53): error TS1005: ',' expected.
server/areaIntelligence.ts(2548,58): error TS1005: ',' expected.
server/areaIntelligence.ts(2548,61): error TS1005: ',' expected.
server/areaIntelligence.ts(2548,66): error TS1005: ',' expected.
server/areaIntelligence.ts(2548,68): error TS1005: ',' expected.
server/areaIntelligence.ts(2548,72): error TS1005: ',' expected.
server/areaIntelligence.ts(2549,75): error TS1005: ',' expected.
server/areaIntelligence.ts(2550,7): error TS1005: ',' expected.
server/areaIntelligence.ts(2550,12): error TS1005: ',' expected.
server/areaIntelligence.ts(2550,29): error TS1005: ',' expected.
server/areaIntelligence.ts(2551,7): error TS1005: ',' expected.
server/areaIntelligence.ts(2551,12): error TS1005: ',' expected.
server/areaIntelligence.ts(2551,28): error TS1005: ',' expected.
server/areaIntelligence.ts(2551,30): error TS1005: ',' expected.
server/areaIntelligence.ts(2551,33): error TS1005: ',' expected.
server/areaIntelligence.ts(2552,7): error TS1005: ',' expected.
server/areaIntelligence.ts(2552,12): error TS1005: ',' expected.
server/areaIntelligence.ts(2552,21): error TS1005: ',' expected.
server/areaIntelligence.ts(2552,23): error TS1005: ',' expected.
server/areaIntelligence.ts(2552,26): error TS1005: ',' expected.
server/areaIntelligence.ts(2552,45): error TS1005: ',' expected.
server/areaIntelligence.ts(2552,49): error TS1005: ',' expected.
server/areaIntelligence.ts(2553,7): error TS1005: ',' expected.
server/areaIntelligence.ts(2553,12): error TS1005: ',' expected.
server/areaIntelligence.ts(2553,25): error TS1005: ',' expected.
server/areaIntelligence.ts(2553,28): error TS1005: ',' expected.
server/areaIntelligence.ts(2553,31): error TS1005: ',' expected.
server/areaIntelligence.ts(2554,17): error TS1005: ';' expected.
server/areaIntelligence.ts(2555,14): error TS1005: ',' expected.
server/areaIntelligence.ts(2556,90): error TS1005: ',' expected.
server/areaIntelligence.ts(2557,14): error TS1109: Expression expected.
server/areaIntelligence.ts(2557,15): error TS1109: Expression expected.
server/areaIntelligence.ts(2557,17): error TS1005: ',' expected.
server/areaIntelligence.ts(2557,30): error TS1005: ',' expected.
server/areaIntelligence.ts(2557,42): error TS1005: ',' expected.
server/areaIntelligence.ts(2557,43): error TS1135: Argument expression expected.
server/areaIntelligence.ts(2557,48): error TS1005: ',' expected.
server/areaIntelligence.ts(2558,7): error TS1005: ',' expected.
server/areaIntelligence.ts(2558,12): error TS1005: ',' expected.
server/areaIntelligence.ts(2558,21): error TS1005: ',' expected.
server/areaIntelligence.ts(2558,27): error TS1005: ',' expected.
server/areaIntelligence.ts(2558,39): error TS1005: ',' expected.
server/areaIntelligence.ts(2558,45): error TS1005: ',' expected.
server/areaIntelligence.ts(2558,48): error TS1005: ',' expected.
server/areaIntelligence.ts(2559,17): error TS1005: ';' expected.
server/areaIntelligence.ts(2560,14): error TS1005: ',' expected.
server/areaIntelligence.ts(2561,90): error TS1005: ',' expected.
server/areaIntelligence.ts(2562,7): error TS1005: ',' expected.
server/areaIntelligence.ts(2562,12): error TS1005: ',' expected.
server/areaIntelligence.ts(2562,21): error TS1005: ',' expected.
server/areaIntelligence.ts(2562,27): error TS1005: ',' expected.
server/areaIntelligence.ts(2562,39): error TS1005: ',' expected.
server/areaIntelligence.ts(2562,45): error TS1005: ',' expected.
server/areaIntelligence.ts(2562,48): error TS1005: ',' expected.
server/areaIntelligence.ts(2564,5): error TS1434: Unexpected keyword or identifier.
server/areaIntelligence.ts(2565,5): error TS1435: Unknown keyword or identifier. Did you mean 'from'?
server/areaIntelligence.ts(2565,10): error TS1434: Unexpected keyword or identifier.
server/areaIntelligence.ts(2565,19): error TS1434: Unexpected keyword or identifier.
server/areaIntelligence.ts(2565,21): error TS1435: Unknown keyword or identifier. Did you mean 'let'?
server/areaIntelligence.ts(2565,26): error TS1434: Unexpected keyword or identifier.
server/areaIntelligence.ts(2565,31): error TS1434: Unexpected keyword or identifier.
server/areaIntelligence.ts(2565,40): error TS1434: Unexpected keyword or identifier.
server/areaIntelligence.ts(2570,7): error TS1434: Unexpected keyword or identifier.
server/areaIntelligence.ts(2570,14): error TS1434: Unexpected keyword or identifier.
server/areaIntelligence.ts(2571,19): error TS1005: ',' expected.
server/areaIntelligence.ts(2571,20): error TS1135: Argument expression expected.
server/areaIntelligence.ts(2571,64): error TS1005: ',' expected.
server/areaIntelligence.ts(2571,65): error TS1135: Argument expression expected.
server/areaIntelligence.ts(2572,42): error TS1005: ',' expected.
server/areaIntelligence.ts(2572,43): error TS1135: Argument expression expected.
server/areaIntelligence.ts(2572,67): error TS1005: ',' expected.
server/areaIntelligence.ts(2572,68): error TS1135: Argument expression expected.
server/areaIntelligence.ts(2572,92): error TS1005: ',' expected.
server/areaIntelligence.ts(2572,93): error TS1135: Argument expression expected.
server/areaIntelligence.ts(2573,7): error TS1434: Unexpected keyword or identifier.
server/areaIntelligence.ts(2573,50): error TS1005: ';' expected.
server/areaIntelligence.ts(2573,53): error TS1434: Unexpected keyword or identifier.
server/areaIntelligence.ts(2584,5): error TS1435: Unknown keyword or identifier. Did you mean 'with'?
server/areaIntelligence.ts(2584,10): error TS1434: Unexpected keyword or identifier.
server/areaIntelligence.ts(2585,14): error TS1005: ',' expected.
server/areaIntelligence.ts(2585,23): error TS1005: ',' expected.
server/areaIntelligence.ts(2586,9): error TS1005: ',' expected.
server/areaIntelligence.ts(2587,7): error TS1005: ',' expected.
server/areaIntelligence.ts(2587,12): error TS1005: ',' expected.
server/areaIntelligence.ts(2587,34): error TS1005: ',' expected.
server/areaIntelligence.ts(2587,36): error TS1005: ',' expected.
server/areaIntelligence.ts(2587,42): error TS1005: ',' expected.
server/areaIntelligence.ts(2587,45): error TS1005: ',' expected.
server/areaIntelligence.ts(2587,81): error TS1005: ',' expected.
server/areaIntelligence.ts(2587,102): error TS1005: ',' expected.
server/areaIntelligence.ts(2589,5): error TS1434: Unexpected keyword or identifier.
server/areaIntelligence.ts(2589,17): error TS1005: ';' expected.
server/areaIntelligence.ts(2591,22): error TS1005: ',' expected.
server/areaIntelligence.ts(2591,35): error TS1005: ',' expected.
server/areaIntelligence.ts(2591,38): error TS1005: ',' expected.
server/areaIntelligence.ts(2591,42): error TS1005: ',' expected.
server/areaIntelligence.ts(2591,48): error TS1005: ';' expected.
server/areaIntelligence.ts(2592,5): error TS1435: Unknown keyword or identifier. Did you mean 'from'?
server/areaIntelligence.ts(2592,10): error TS1434: Unexpected keyword or identifier.
server/areaIntelligence.ts(2592,26): error TS1434: Unexpected keyword or identifier.
server/areaIntelligence.ts(2592,28): error TS1435: Unknown keyword or identifier. Did you mean 'let'?
server/areaIntelligence.ts(2592,33): error TS1434: Unexpected keyword or identifier.
server/areaIntelligence.ts(2592,38): error TS1434: Unexpected keyword or identifier.
server/areaIntelligence.ts(2592,45): error TS1434: Unexpected keyword or identifier.
server/areaIntelligence.ts(2592,47): error TS1434: Unexpected keyword or identifier.
server/areaIntelligence.ts(2593,5): error TS1434: Unexpected keyword or identifier.
server/areaIntelligence.ts(2593,11): error TS1434: Unexpected keyword or identifier.
server/areaIntelligence.ts(2628,7): error TS1434: Unexpected keyword or identifier.
server/areaIntelligence.ts(2628,14): error TS1434: Unexpected keyword or identifier.
server/areaIntelligence.ts(2630,40): error TS1005: ',' expected.
server/areaIntelligence.ts(2630,41): error TS1135: Argument expression expected.
server/areaIntelligence.ts(2630,51): error TS1005: ',' expected.
server/areaIntelligence.ts(2630,52): error TS1135: Argument expression expected.
server/areaIntelligence.ts(2633,7): error TS1434: Unexpected keyword or identifier.
server/areaIntelligence.ts(2633,14): error TS1434: Unexpected keyword or identifier.
server/areaIntelligence.ts(2636,7): error TS1434: Unexpected keyword or identifier.
server/areaIntelligence.ts(2636,28): error TS1005: ';' expected.
server/areaIntelligence.ts(2636,31): error TS1434: Unexpected keyword or identifier.
server/areaIntelligence.ts(2666,7): error TS1434: Unexpected keyword or identifier.
server/areaIntelligence.ts(2666,14): error TS1434: Unexpected keyword or identifier.
server/areaIntelligence.ts(2666,32): error TS1435: Unknown keyword or identifier. Did you mean 'set'?
server/areaIntelligence.ts(2667,39): error TS1005: ';' expected.
server/areaIntelligence.ts(2667,40): error TS1128: Declaration or statement expected.
server/areaIntelligence.ts(2667,41): error TS1434: Unexpected keyword or identifier.
server/areaIntelligence.ts(2667,47): error TS1434: Unexpected keyword or identifier.
server/areaIntelligence.ts(2683,6): error TS1005: ';' expected.
